"","Site","Standard.Group","Site.Standard.Group","Count","Species.Common","Species.Taxonomic","Genus","Notes","Notes.OLD"
"1","14B","BUILD","14B.BUILD",2,"cherry.laurel","prunus.laurocerasus","prunus","",""
"2","14B","BUILD","14B.BUILD",2,"cotoneaster","cotoneaster.sp","cotoneaster","",""
"3","14B","BUILD","14B.BUILD",3,"heavenly.bamboo","nandina.domestica","nandina","","more dead shrubs, think laurel"
"4","14B","BUILD","14B.BUILD",2,"laurustinus","viburnum.tinus","viburnum","",""
"5","14B","BUILD","14B.BUILD",2,"photinia","photinia.fraseri","photinia","mostly dead.",""
"6","14B","BUILD","14B.BUILD",3,"scotch.broom","cytisus.scoparius","cytisus","",""
"7","14B","BUILD.ENTR","14B.BUILD.ENTR",4,"euonymus.japonicus.gp","euonymus.japonicus","euonymus","",""
"8","14B","BUILD.ENTR","14B.BUILD.ENTR",1,"ornamental.conifer","ornamental.conifer","ornamental","","one"
"9","14B","BUILD.ENTR","14B.BUILD.ENTR",4,"rhododendron","rhododendron.sp","rhododendron","",""
"10","14B","BUILD.ENTR","14B.BUILD.ENTR",3,"zabel.laurel","prunus.laurocerasus.zabeliana","prunus","","mini laurel; var ""Zabeliana"""
"11","14B","PARKING","14B.PARKING",999,"DNE","DNE","","",""
"12","14B","PERIM","14B.PERIM",1,"cotoneaster","cotoneaster.sp","cotoneaster","",""
"13","14B","PERIM","14B.PERIM",3,"euonymus.japonicus.gp","euonymus.japonicus","euonymus","",""
"14","14B","PERIM","14B.PERIM",1,"hawthorn","crataegus.sp","crataegus","",""
"15","14B","PERIM","14B.PERIM",1,"hazelnut","corylus.sp","corylus","",""
"16","14B","PERIM","14B.PERIM",6,"himalayan.blackberry","rubus.armeniacus","rubus","",""
"17","14B","PERIM","14B.PERIM",2,"rhododendron","rhododendron.sp","rhododendron","",""
"18","14B","PERIM","14B.PERIM",2,"salal","gaultheria.shallon","gaultheria","",""
"19","14B","PERIM","14B.PERIM",3,"scotch.broom","cytisus.scoparius","cytisus","",""
"20","14B","PERIM","14B.PERIM",6,"zabel.laurel","prunus.laurocerasus.zabeliana","prunus","no, thinking of other side here. Laurel OK","check photinia--think photinia"
"21","14B","PERIM.BUILD","14B.PERIM.BUILD",2,"cotoneaster","cotoneaster.sp","cotoneaster","",""
"22","14B","PERIM.BUILD","14B.PERIM.BUILD",2,"heavenly.bamboo","nandina.domestica","nandina","",""
"23","14B","PERIM.BUILD","14B.PERIM.BUILD",10,"himalayan.blackberry","rubus.armeniacus","rubus","",""
"24","14B","PERIM.BUILD","14B.PERIM.BUILD",14,"ornamental.conifer","ornamental.conifer","ornamental","","also dead shrubs--think laurel"
"25","14B","PERIM.BUILD","14B.PERIM.BUILD",4,"photinia","photinia.fraseri","photinia","",""
"26","14B","STREET","14B.STREET",999,"NOSHRUB","NOSHRUB","","",""
"27","14B","STREET.BUILD","14B.STREET.BUILD",999,"DNE","DNE","","",""
"28","14B","STREET.ENTR","14B.STREET.ENTR",999,"NOSHRUB","NOSHRUB","","",""
"29","20E","BUILD","20E.BUILD",999,"ferns","ferns","ferns","",""
"30","20E","BUILD","20E.BUILD",4,"forsythia","forsythia.sp","forsythia","","?2; alternate (should be opposite) serrated tips only; photo at 9:14"
"31","20E","BUILD","20E.BUILD",2,"huckleberry","vaccinium.parvifolium","vaccinium","","?1; small alternate leaves with smooth margin; this is 'delicate' plant; likely vaccinium.parvifolium"
"32","20E","BUILD","20E.BUILD",2,"oregon.grape","mahonia.sp","mahonia","",""
"33","20E","BUILD","20E.BUILD",9,"rhododendron","rhododendron.sp","rhododendron","",""
"34","20E","BUILD","20E.BUILD",0,"unknown.gpA","unknown.gpA","unknown","may be same as other leaflets; kept not finding them though","?3; leaflet at base, alternate smooth; photo at 9:18"
"35","20E","BUILD.ENTR","20E.BUILD.ENTR",999,"ferns","ferns","ferns","",""
"36","20E","BUILD.ENTR","20E.BUILD.ENTR",2,"rhododendron","rhododendron.sp","rhododendron","","and ferns"
"37","20E","PARKING","20E.PARKING",999,"NOSHRUB","NOSHRUB","","",""
"38","20E","PERIM","20E.PERIM",1,"oregon.grape","mahonia.sp","mahonia","",""
"39","20E","PERIM.BUILD","20E.PERIM.BUILD",3,"forsythia","forsythia.sp","forsythia","",""
"40","20E","PERIM.BUILD","20E.PERIM.BUILD",15,"oregon.grape","mahonia.sp","mahonia","",""
"41","20E","STREET","20E.STREET",999,"DNE","DNE","","",""
"42","20E","STREET.BUILD","20E.STREET.BUILD",999,"ferns","ferns","ferns","",""
"43","20E","STREET.BUILD","20E.STREET.BUILD",5,"hazelnut","corylus.sp","corylus","",""
"44","20E","STREET.BUILD","20E.STREET.BUILD",1,"holly","ilex.sp","ilex","possibly american holly, put in lg leaf holly gp",""
"45","20E","STREET.BUILD","20E.STREET.BUILD",1,"huckleberry","vaccinium.parvifolium","vaccinium","","?1; small alternate leaves with smooth margin"
"46","20E","STREET.BUILD","20E.STREET.BUILD",4,"indian.plum","oemleria.cerasiformis","oemleria","",""
"47","20E","STREET.BUILD","20E.STREET.BUILD",3,"oregon.grape","mahonia.sp","mahonia","",""
"48","20E","STREET.BUILD","20E.STREET.BUILD",14,"snowberry","symphoricarpos.sp","symphoricarpos","","?4; opposite smooth, oval to hawthorn like; photo at 9:38"
"49","20E","STREET.ENTR","20E.STREET.ENTR",10,"snowberry","symphoricarpos.sp","symphoricarpos","",""
"50","22E","BUILD","22E.BUILD",2,"cherry.laurel","prunus.laurocerasus","prunus","both phot and cherry","check photinia"
"51","22E","BUILD","22E.BUILD",999,"ferns","ferns","ferns","lots",""
"52","22E","BUILD","22E.BUILD",1,"hazelnut","corylus.sp","corylus","",""
"53","22E","BUILD","22E.BUILD",5,"himalayan.blackberry","rubus.armeniacus","rubus","few",""
"54","22E","BUILD","22E.BUILD",4,"huckleberry","vaccinium.parvifolium","vaccinium","",""
"55","22E","BUILD","22E.BUILD",1,"indian.plum","oemleria.cerasiformis","oemleria","",""
"56","22E","BUILD","22E.BUILD",5,"oregon.grape","mahonia.sp","mahonia","few",""
"57","22E","BUILD","22E.BUILD",1,"photinia","photinia.fraseri","photinia","photo",""
"58","22E","BUILD","22E.BUILD",10,"rhododendron","rhododendron.sp","rhododendron","",""
"59","22E","BUILD","22E.BUILD",25,"salal","gaultheria.shallon","gaultheria","lots","underlined"
"60","22E","BUILD","22E.BUILD",1,"unknown.gpB","unknown.gpB","unknown","spiny stem, photos ",""
"61","22E","BUILD","22E.BUILD",3,"zabel.laurel","prunus.laurocerasus.zabeliana","prunus","",""
"62","22E","BUILD.ENTR","22E.BUILD.ENTR",7,"david.viburnum","viburnum.davidii","viburnum","",""
"63","22E","BUILD.ENTR","22E.BUILD.ENTR",1,"oregon.grape","mahonia.sp","mahonia","",""
"64","22E","BUILD.ENTR","22E.BUILD.ENTR",3,"ornamental.conifer","ornamental.conifer","ornamental","",""
"65","22E","BUILD.ENTR","22E.BUILD.ENTR",3,"photinia","photinia.fraseri","photinia","photinia","check photinia"
"66","22E","BUILD.ENTR","22E.BUILD.ENTR",32,"rhododendron","rhododendron.sp","rhododendron","","and azalea? Underlined"
"67","22E","BUILD.ENTR","22E.BUILD.ENTR",5,"salal","gaultheria.shallon","gaultheria","",""
"68","22E","BUILD.ENTR","22E.BUILD.ENTR",4,"vine.maple","acer.circinatum","acer","","underlined"
"69","22E","BUILD.ENTR","22E.BUILD.ENTR",2,"winter.heath","erica.sp","erica","",""
"70","22E","PARKING","22E.PARKING",999,"DNE","DNE","","",""
"71","22E","PERIM","22E.PERIM",999,"DNE","DNE","","",""
"72","22E","PERIM.BUILD","22E.PERIM.BUILD",999,"DNE","DNE","","",""
"73","22E","STREET","22E.STREET",999,"DNE","DNE","","",""
"74","22E","STREET.BUILD","22E.STREET.BUILD",999,"ferns","ferns","ferns","lots",""
"75","22E","STREET.BUILD","22E.STREET.BUILD",17,"hazelnut","corylus.sp","corylus","",""
"76","22E","STREET.BUILD","22E.STREET.BUILD",5,"himalayan.blackberry","rubus.armeniacus","rubus","",""
"77","22E","STREET.BUILD","22E.STREET.BUILD",1,"huckleberry","vaccinium.parvifolium","vaccinium","",""
"78","22E","STREET.BUILD","22E.STREET.BUILD",14,"indian.plum","oemleria.cerasiformis","oemleria","",""
"79","22E","STREET.BUILD","22E.STREET.BUILD",2,"mountain.laurel","kalmia.latifolia","kalmia","wrote mountain laurel, but might have meant mountain ash--left as mountain laurel",""
"80","22E","STREET.BUILD","22E.STREET.BUILD",30,"oregon.grape","mahonia.sp","mahonia","",""
"81","22E","STREET.BUILD","22E.STREET.BUILD",3,"ornamental.conifer","ornamental.conifer","ornamental","",""
"82","22E","STREET.BUILD","22E.STREET.BUILD",4,"red.flowering.currant","ribes.sanguineum","ribes","",""
"83","22E","STREET.BUILD","22E.STREET.BUILD",2,"rhododendron","rhododendron.sp","rhododendron","",""
"84","22E","STREET.BUILD","22E.STREET.BUILD",7,"vine.maple","acer.circinatum","acer","",""
"85","22E","STREET.BUILD","22E.STREET.BUILD",6,"zabel.laurel","prunus.laurocerasus.zabeliana","prunus","","check photinia; ""red new leaf"""
"86","22E","STREET.ENTR","22E.STREET.ENTR",999,"NOSHRUB","NOSHRUB","","","split from street"
"87","BM","BUILD","BM.BUILD",3,"euonymus.japonicus.gp","euonymus.japonicus","euonymus","","yellow varegated kind C"
"88","BM","BUILD","BM.BUILD",18,"evergreen.huckleberry","vaccinium.ovatum","vaccinium","","serrated small A seen elsewhere"
"89","BM","BUILD","BM.BUILD",4,"flowering.dogwood.gp","cornus.florida.gp","cornus","these are trees.",""
"90","BM","BUILD","BM.BUILD",1,"hazelnut","corylus.sp","corylus","","one"
"91","BM","BUILD","BM.BUILD",4,"oregon.grape","mahonia.sp","mahonia","",""
"92","BM","BUILD","BM.BUILD",3,"photinia","photinia.fraseri","photinia","photinia","red laurel'; check photinia"
"93","BM","BUILD","BM.BUILD",28,"rhododendron","rhododendron.sp","rhododendron","",""
"94","BM","BUILD","BM.BUILD",5,"salal","gaultheria.shallon","gaultheria","",""
"95","BM","BUILD","BM.BUILD",6,"sumac","rhus.sp","rhus","",""
"96","BM","BUILD","BM.BUILD",7,"vine.maple","acer.circinatum","acer","",""
"97","BM","BUILD","BM.BUILD",7,"zabel.laurel","prunus.laurocerasus.zabeliana","prunus","",""
"98","BM","BUILD.ENTR","BM.BUILD.ENTR",2,"cherry.laurel","prunus.laurocerasus","prunus","","check photinia"
"99","BM","BUILD.ENTR","BM.BUILD.ENTR",2,"rhododendron","rhododendron.sp","rhododendron","",""
"100","BM","BUILD.ENTR","BM.BUILD.ENTR",1,"vine.maple","acer.circinatum","acer","",""
"101","BM","PARKING","BM.PARKING",999,"DNE","DNE","","",""
"102","BM","PERIM","BM.PERIM",6,"evergreen.huckleberry","vaccinium.ovatum","vaccinium","",""
"103","BM","PERIM","BM.PERIM",999,"ferns","ferns","ferns","",""
"104","BM","PERIM","BM.PERIM",2,"flowering.dogwood.gp","cornus.florida.gp","cornus","these are trees.",""
"105","BM","PERIM","BM.PERIM",4,"hazelnut","corylus.sp","corylus","",""
"106","BM","PERIM","BM.PERIM",4,"indian.hawthorne","rahpiolepis.sp","rahpiolepis","addtl photos, white flowers","?1; whorled pubescent, rolled on bottom--salal like almost--is this photo at 10:37?"
"107","BM","PERIM","BM.PERIM",1,"indian.plum","oemleria.cerasiformis","oemleria","",""
"108","BM","PERIM","BM.PERIM",6,"laurustinus","viburnum.tinus","viburnum","laurustinus","B; not indian plum but something else: leaves opposite, pubescent. Photo at 10:26"
"109","BM","PERIM","BM.PERIM",6,"oregon.grape","mahonia.sp","mahonia","",""
"110","BM","PERIM","BM.PERIM",4,"rhododendron","rhododendron.sp","rhododendron","","new and older"
"111","BM","PERIM","BM.PERIM",2,"rhododendron","rhododendron.sp","rhododendron","might be azalea--yes","only one, discard?; alternate or whorled, serrated pubescent leaves photo 10:37"
"112","BM","PERIM","BM.PERIM",1,"rhododendron","rhododendron.sp","rhododendron","photo at 12:34 4/30--rhododendron of some sort",""
"113","BM","PERIM","BM.PERIM",5,"salal","gaultheria.shallon","gaultheria","",""
"114","BM","PERIM","BM.PERIM",3,"snowberry","symphoricarpos.sp","symphoricarpos","","only one, discard?; kind with different shaped leaves"
"115","BM","PERIM","BM.PERIM",12,"sumac","rhus.sp","rhus","",""
"116","BM","PERIM","BM.PERIM",2,"vine.maple","acer.circinatum","acer","",""
"117","BM","PERIM","BM.PERIM",2,"zabel.laurel","prunus.laurocerasus.zabeliana","prunus","",""
"118","BM","PERIM.BUILD","BM.PERIM.BUILD",999,"DNE","DNE","","",""
"119","BM","STREET","BM.STREET",1,"hazelnut","corylus.sp","corylus","",""
"120","BM","STREET.BUILD","BM.STREET.BUILD",999,"DNE","DNE","","",""
"121","BM","STREET.ENTR","BM.STREET.ENTR",999,"NOSHRUB","NOSHRUB","","",""
"122","CO","BUILD","CO.BUILD",23,"common.heather","calluna.vulgaris","calluna","",""
"123","CO","BUILD","CO.BUILD",2,"daphne","daphne.sp","daphne","likely daphne odora",""
"124","CO","BUILD","CO.BUILD",6,"escallonia","escallonia.sp","escallonia","Fradesii?","possibly frades escallonia; ?1"
"125","CO","BUILD","CO.BUILD",999,"ferns","ferns","ferns","",""
"126","CO","BUILD","CO.BUILD",15,"oregon.grape","mahonia.sp","mahonia","",""
"127","CO","BUILD","CO.BUILD",5,"rhododendron","rhododendron.sp","rhododendron","",""
"128","CO","BUILD","CO.BUILD",3,"salmonberry","rubus.spectabilis","rubus","","?3; rubus spectabilis?; compound alternate; thorny stem and rough leaf. Bottom of 3 leaves have 'thumb'; likely in rose family. Pink 4-5 petaled flowers. Photo."
"129","CO","BUILD","CO.BUILD",1,"spotted.laurel","aucuba.japonica","aucuba","",""
"130","CO","BUILD","CO.BUILD",0,"unknown.gpE","unknown.gpE","unknown","not found--think it may have been removed…","?2; ""holly-like alternate""; no photo, no leaf. Ilex or Berberis?"
"131","CO","BUILD","CO.BUILD",2,"vine.maple","acer.circinatum","acer","","off to the side; border of property but always counted as on."
"132","CO","BUILD","CO.BUILD",3,"winter.heath","erica.sp","erica","",""
"133","CO","BUILD.ENTR","CO.BUILD.ENTR",2,"burkwood.osmanthus","osmanthus.burkwoodii","osmanthus","","?5; may just want to say osmanthus.sp"
"134","CO","BUILD.ENTR","CO.BUILD.ENTR",2,"common.heather","calluna.vulgaris","calluna","","check vs. erica.carnea"
"135","CO","BUILD.ENTR","CO.BUILD.ENTR",2,"daphne","daphne.sp","daphne","daphne, likely odora","?0; could be pieris or daphne"
"136","CO","BUILD.ENTR","CO.BUILD.ENTR",1,"hazelnut","corylus.sp","corylus","this should be one","american or beaked? ?4"
"137","CO","BUILD.ENTR","CO.BUILD.ENTR",1,"heavenly.bamboo","nandina.domestica","nandina","",""
"138","CO","BUILD.ENTR","CO.BUILD.ENTR",3,"oregon.grape","mahonia.sp","mahonia","","tall"
"139","CO","BUILD.ENTR","CO.BUILD.ENTR",16,"rhododendron","rhododendron.sp","rhododendron","",""
"140","CO","BUILD.ENTR","CO.BUILD.ENTR",3,"spotted.laurel","aucuba.japonica","aucuba","","?6; spotted, large toothed opposite"
"141","CO","BUILD.ENTR","CO.BUILD.ENTR",1,"vine.maple","acer.circinatum","acer","",""
"142","CO","PARKING","CO.PARKING",999,"DNE","DNE","","",""
"143","CO","PERIM","CO.PERIM",7,"ornamental.conifer","ornamental.conifer","ornamental","","exists, but no shrubs"
"144","CO","PERIM.BUILD","CO.PERIM.BUILD",2,"rhododendron","rhododendron.sp","rhododendron","",""
"145","CO","STREET","CO.STREET",999,"DNE","DNE","","","no street adjacent vegetation"
"146","CO","STREET.BUILD","CO.STREET.BUILD",999,"DNE","DNE","","",""
"147","CO","STREET.ENTR","CO.STREET.ENTR",999,"DNE","DNE","","",""
"148","DE","BUILD","DE.BUILD",20,"abelia","abelia.grandiflora","abelia","more photos","?2; opposite leaves not toothed"
"149","DE","BUILD","DE.BUILD",10,"burkwood.osmanthus","osmanthus.burkwoodii","osmanthus","","?3; opposite leaves toothed; photo at 10:31? Or 10:28?"
"150","DE","BUILD","DE.BUILD",1,"cotoneaster","cotoneaster.sp","cotoneaster","",""
"151","DE","BUILD","DE.BUILD",16,"david.viburnum","viburnum.davidii","viburnum","",""
"152","DE","BUILD","DE.BUILD",2,"escallonia","escallonia.sp","escallonia","same as Continental.",""
"153","DE","BUILD","DE.BUILD",1,"flowering.dogwood.gp","cornus.florida.gp","cornus","originally in trees",""
"154","DE","BUILD","DE.BUILD",4,"hawthorn","crataegus.sp","crataegus","originally in trees",""
"155","DE","BUILD","DE.BUILD",2,"heavenly.bamboo","nandina.domestica","nandina","",""
"156","DE","BUILD","DE.BUILD",7,"japanese.holly","ilex.crenata","ilex","for some reason had two rows for this. Couldn't find non crenata ilex in photos tho.","?4; tiny opposite leaved hedge"
"157","DE","BUILD","DE.BUILD",1,"lavender","lavandula.sp","lavandula","",""
"158","DE","BUILD","DE.BUILD",15,"manzanita","arctostaphylos.sp","arctostaphylos","more photos--matches kinnikinick well BUT taller than expected, manzanita. Kinnikinnick elsewhere as groundcover","?7; alternate dull green--10:45?"
"159","DE","BUILD","DE.BUILD",1,"oregon.grape","mahonia.sp","mahonia","",""
"160","DE","BUILD","DE.BUILD",2,"ornamental.conifer","ornamental.conifer","ornamental","",""
"161","DE","BUILD","DE.BUILD",11,"rhododendron","rhododendron.sp","rhododendron","",""
"162","DE","BUILD","DE.BUILD",1,"spotted.laurel","aucuba.japonica","aucuba","",""
"163","DE","BUILD","DE.BUILD",19,"white.potentilla","potentilla.fruticosa","potentilla","",""
"164","DE","BUILD","DE.BUILD",1,"winter.heath","erica.sp","erica","",""
"165","DE","BUILD.ENTR","DE.BUILD.ENTR",1,"cotoneaster","cotoneaster.sp","cotoneaster","","technically exists but didn't categorize separately from BUILD"
"166","DE","BUILD.ENTR","DE.BUILD.ENTR",1,"david.viburnum","viburnum.davidii","viburnum","",""
"167","DE","BUILD.ENTR","DE.BUILD.ENTR",5,"heavenly.bamboo","nandina.domestica","nandina","",""
"168","DE","BUILD.ENTR","DE.BUILD.ENTR",3,"ornamental.conifer","ornamental.conifer","ornamental","",""
"169","DE","PARKING","DE.PARKING",8,"abelia","abelia.grandiflora","abelia","?2; likely abies.grandiflora",""
"170","DE","PARKING","DE.PARKING",1,"cotoneaster","cotoneaster.sp","cotoneaster","",""
"171","DE","PARKING","DE.PARKING",4,"escallonia","escallonia.sp","escallonia","same as Continental.",""
"172","DE","PERIM","DE.PERIM",12,"barberry","berberis.thunbergii","berberis","","?6; clustered, thorns, blue oblong berries"
"173","DE","PERIM","DE.PERIM",4,"boxwood","buxus.sp","buxus","good id",""
"174","DE","PERIM","DE.PERIM",2,"cherry.laurel","prunus.laurocerasus","prunus","","very tall, underlined"
"175","DE","PERIM","DE.PERIM",12,"cotoneaster","cotoneaster.sp","cotoneaster","",""
"176","DE","PERIM","DE.PERIM",25,"oregon.grape","mahonia.sp","mahonia","many","underlined?"
"177","DE","PERIM","DE.PERIM",17,"photinia","photinia.fraseri","photinia","",""
"178","DE","PERIM","DE.PERIM",6,"rhododendron","rhododendron.sp","rhododendron","two fuzzy leaf/stem ?8 are azaleas","?8; opposite, stem hairy"
"179","DE","PERIM","DE.PERIM",1,"scotch.broom","cytisus.scoparius","cytisus","",""
"180","DE","PERIM.BUILD","DE.PERIM.BUILD",999,"DNE","DNE","","",""
"181","DE","STREET","DE.STREET",8,"david.viburnum","viburnum.davidii","viburnum","davidii ok","likely davidii; missing photos??"
"182","DE","STREET","DE.STREET",2,"escallonia","escallonia.sp","escallonia","same as Continental.","""alternate serrated waxy leaves, pink trumpet flower""; ?1"
"183","DE","STREET","DE.STREET",10,"ornamental.conifer","ornamental.conifer","ornamental","",""
"184","DE","STREET","DE.STREET",25,"salal","gaultheria.shallon","gaultheria","check photo--seems fine",""
"185","DE","STREET","DE.STREET",30,"zabel.laurel","prunus.laurocerasus.zabeliana","prunus","","mini laurel; var ""Zabeliana"""
"186","DE","STREET.BUILD","DE.STREET.BUILD",1,"abelia","abelia.grandiflora","abelia","abelia","?2; opposite leaves not toothed"
"187","DE","STREET.BUILD","DE.STREET.BUILD",25,"david.viburnum","viburnum.davidii","viburnum","b/c prevalent","underlined?"
"188","DE","STREET.BUILD","DE.STREET.BUILD",9,"escallonia","escallonia.sp","escallonia","same as Continental.","""alternate serrated waxy leaves, pink trumpet flower""; ?1"
"189","DE","STREET.BUILD","DE.STREET.BUILD",3,"holly","ilex.sp","ilex","few large leaf ilex…",""
"190","DE","STREET.BUILD","DE.STREET.BUILD",20,"japanese.holly","ilex.crenata","ilex","","?4; tiny opposite leaved hedge"
"191","DE","STREET.BUILD","DE.STREET.BUILD",14,"ornamental.conifer","ornamental.conifer","ornamental","",""
"192","DE","STREET.BUILD","DE.STREET.BUILD",5,"salal","gaultheria.shallon","gaultheria","photo count",""
"193","DE","STREET.BUILD","DE.STREET.BUILD",41,"winged.euonymus","euonymus.alatus","euonymus","10:28 photo in old; I think it is a euonymus.alatus; more photos with flowers 8:58ish new","?5; opposite leaved micro serrated; underlined--10:31? Or 10:28?"
"194","DE","STREET.BUILD","DE.STREET.BUILD",2,"winter.heath","erica.sp","erica","",""
"195","DE","STREET.BUILD","DE.STREET.BUILD",26,"zabel.laurel","prunus.laurocerasus.zabeliana","prunus","","mini laurel; var ""Zabeliana"""
"196","DE","STREET.ENTR","DE.STREET.ENTR",10,"salal","gaultheria.shallon","gaultheria","photo count",""
"197","DE","STREET.ENTR","DE.STREET.ENTR",10,"zabel.laurel","prunus.laurocerasus.zabeliana","prunus","","check photinia"
"198","EG","BUILD","EG.BUILD",999,"ferns","ferns","ferns","",""
"199","EG","BUILD","EG.BUILD",4,"hazelnut","corylus.sp","corylus","","beaked hazelnut; corylus comuta var. californica"
"200","EG","BUILD","EG.BUILD",1,"hydrangea","hydrangea.sp","hydrangea","good id",""
"201","EG","BUILD","EG.BUILD",4,"indian.plum","oemleria.cerasiformis","oemleria","","?1; alternate, fast growing--there seem to be two forms of this, the spray type and the one with yellow leaves"
"202","EG","BUILD","EG.BUILD",0,"oceanspray","holodiscus.discolor","holodiscus","","has white flowers"
"203","EG","BUILD","EG.BUILD",21,"oregon.grape","mahonia.sp","mahonia","","also M. nervosa"
"204","EG","BUILD","EG.BUILD",0,"ornamental.conifer","ornamental.conifer","ornamental","","possibly meant weeping serbian spruce?"
"205","EG","BUILD","EG.BUILD",9,"red.flowering.currant","ribes.sanguineum","ribes","",""
"206","EG","BUILD","EG.BUILD",5,"salal","gaultheria.shallon","gaultheria","",""
"207","EG","BUILD","EG.BUILD",10,"vine.maple","acer.circinatum","acer","","building edge"
"208","EG","BUILD","EG.BUILD",10,"winged.euonymus","euonymus.alatus","euonymus","","?2; opposite, fruit looks like half maple"
"209","EG","BUILD.ENTR","EG.BUILD.ENTR",2,"boxwood","buxus.sp","buxus","good id","buxus.sempervirens likely"
"210","EG","BUILD.ENTR","EG.BUILD.ENTR",10,"dogwood","cornus.sp","cornus","shrub group NOT tartarian",""
"211","EG","BUILD.ENTR","EG.BUILD.ENTR",14,"euonymus.japonicus.gp","euonymus.japonicus","euonymus","",""
"212","EG","BUILD.ENTR","EG.BUILD.ENTR",999,"ferns","ferns","ferns","",""
"213","EG","BUILD.ENTR","EG.BUILD.ENTR",6,"heavenly.bamboo","nandina.domestica","nandina","",""
"214","EG","BUILD.ENTR","EG.BUILD.ENTR",2,"rhododendron","rhododendron.sp","rhododendron","",""
"215","EG","PARKING","EG.PARKING",25,"oregon.grape","mahonia.sp","mahonia","","parking lot"
"216","EG","PARKING","EG.PARKING",6,"red.flowering.currant","ribes.sanguineum","ribes","","A"
"217","EG","PERIM","EG.PERIM",999,"ferns","ferns","ferns","",""
"218","EG","PERIM","EG.PERIM",2,"hazelnut","corylus.sp","corylus","",""
"219","EG","PERIM","EG.PERIM",5,"himalayan.blackberry","rubus.armeniacus","rubus","",""
"220","EG","PERIM","EG.PERIM",2,"indian.plum","oemleria.cerasiformis","oemleria","","?4; alternate, also at back of Paroscientific, possibly also indian plum?"
"221","EG","PERIM","EG.PERIM",0,"lilac","syringa.vulgaris","syringa","didn't find?",""
"222","EG","PERIM","EG.PERIM",5,"oceanspray","holodiscus.discolor","holodiscus","","?3"
"223","EG","PERIM","EG.PERIM",12,"oregon.grape","mahonia.sp","mahonia","","margin"
"224","EG","PERIM","EG.PERIM",3,"red.flowering.currant","ribes.sanguineum","ribes","","A"
"225","EG","PERIM","EG.PERIM",100,"salal","gaultheria.shallon","gaultheria","",""
"226","EG","PERIM","EG.PERIM",1,"saskatoon","amelanchier.alnifolia","amelanchier","found one","in plan, not written down? -- possibly planted oceanspray instead"
"227","EG","PERIM","EG.PERIM",2,"scotch.broom","cytisus.scoparius","cytisus","",""
"228","EG","PERIM","EG.PERIM",10,"snowberry","symphoricarpos.sp","symphoricarpos","",""
"229","EG","PERIM","EG.PERIM",10,"vine.maple","acer.circinatum","acer","",""
"230","EG","PERIM","EG.PERIM",3,"winged.euonymus","euonymus.alatus","euonymus","","?2"
"231","EG","PERIM.BUILD","EG.PERIM.BUILD",999,"DNE","DNE","","",""
"232","EG","STREET","EG.STREET",999,"DNE","DNE","","","or same as STREET.ENTR"
"233","EG","STREET.BUILD","EG.STREET.BUILD",999,"ferns","ferns","ferns","",""
"234","EG","STREET.BUILD","EG.STREET.BUILD",6,"hazelnut","corylus.sp","corylus","",""
"235","EG","STREET.BUILD","EG.STREET.BUILD",2,"indian.plum","oemleria.cerasiformis","oemleria","",""
"236","EG","STREET.BUILD","EG.STREET.BUILD",1,"oceanspray","holodiscus.discolor","holodiscus","",""
"237","EG","STREET.BUILD","EG.STREET.BUILD",12,"oregon.grape","mahonia.sp","mahonia","",""
"238","EG","STREET.BUILD","EG.STREET.BUILD",0,"ornamental.conifer","ornamental.conifer","ornamental","think this is a tree",""
"239","EG","STREET.BUILD","EG.STREET.BUILD",5,"red.flowering.currant","ribes.sanguineum","ribes","",""
"240","EG","STREET.BUILD","EG.STREET.BUILD",100,"salal","gaultheria.shallon","gaultheria","",""
"241","EG","STREET.BUILD","EG.STREET.BUILD",3,"saskatoon","amelanchier.alnifolia","amelanchier","",""
"242","EG","STREET.BUILD","EG.STREET.BUILD",5,"snowberry","symphoricarpos.sp","symphoricarpos","",""
"243","EG","STREET.BUILD","EG.STREET.BUILD",2,"vine.maple","acer.circinatum","acer","",""
"244","EG","STREET.BUILD","EG.STREET.BUILD",1,"winged.euonymus","euonymus.alatus","euonymus","",""
"245","EG","STREET.ENTR","EG.STREET.ENTR",8,"euphorbia","euphorbia.sp","euphorbia","photo count",""
"246","EG","STREET.ENTR","EG.STREET.ENTR",25,"hypericum","hypericum.calycinum","hypericum","","C; yellow flower"
"247","EG","STREET.ENTR","EG.STREET.ENTR",1,"oceanspray","holodiscus.discolor","holodiscus","found one","in plan, not written down?"
"248","EG","STREET.ENTR","EG.STREET.ENTR",6,"oregon.grape","mahonia.sp","mahonia","",""
"249","EG","STREET.ENTR","EG.STREET.ENTR",1,"red.flowering.currant","ribes.sanguineum","ribes","",""
"250","EG","STREET.ENTR","EG.STREET.ENTR",2,"rhododendron","rhododendron.sp","rhododendron","",""
"251","EG","STREET.ENTR","EG.STREET.ENTR",6,"winged.euonymus","euonymus.alatus","euonymus","","?2; opposite, fruit looks like half maple"
"252","FC","BUILD","FC.BUILD",1,"cotoneaster","cotoneaster.sp","cotoneaster","",""
"253","FC","BUILD","FC.BUILD",8,"lavender","lavandula.sp","lavandula","",""
"254","FC","BUILD","FC.BUILD",0,"rosemary","rosmarinus.officinalis","rosmarinus","not found",""
"255","FC","BUILD","FC.BUILD",9,"vine.honeysuckle","lonicera.sempervirens.gp","lonicera","","?vine; opposite leaves, red/purple flowers photo 939; possibly sempervirens or one of its crosses"
"256","FC","BUILD.ENTR","FC.BUILD.ENTR",2,"david.viburnum","viburnum.davidii","viburnum","","all heavily pruned--very unattractive compared with the rest of the property"
"257","FC","BUILD.ENTR","FC.BUILD.ENTR",7,"japanese.spiraea","spiraea.nipponica","spiraea","","?1; main entrance"
"258","FC","BUILD.ENTR","FC.BUILD.ENTR",4,"salal","gaultheria.shallon","gaultheria","",""
"259","FC","BUILD.ENTR","FC.BUILD.ENTR",6,"snowberry","symphoricarpos.sp","symphoricarpos","","A; kind with different shaped leaves; photo 9:22"
"260","FC","BUILD.ENTR","FC.BUILD.ENTR",3,"strawberry.tree","arbutus.unedo","arbutus","dwarf; no flowers or fruit",""
"261","FC","BUILD.ENTR","FC.BUILD.ENTR",5,"zabel.laurel","prunus.laurocerasus.zabeliana","prunus","",""
"262","FC","PARKING","FC.PARKING",1,"cherry.laurel","prunus.laurocerasus","prunus","",""
"263","FC","PARKING","FC.PARKING",11,"japanese.spiraea","spiraea.nipponica","spiraea","","?1; small leaves whorled, mite infested, red stems, small white flowers clustered at the tip; note smooth margin leaves with crenelations at tip"
"264","FC","PARKING","FC.PARKING",23,"oregon.grape","mahonia.sp","mahonia","","underlined"
"265","FC","PARKING","FC.PARKING",3,"red.flowering.currant","ribes.sanguineum","ribes","",""
"266","FC","PARKING","FC.PARKING",12,"rockrose","cistaceae.sp","cistaceae","","opposite leaves, two photos. (rockrose, not spiraea)"
"267","FC","PARKING","FC.PARKING",5,"salal","gaultheria.shallon","gaultheria","",""
"268","FC","PARKING","FC.PARKING",15,"snowberry","symphoricarpos.sp","symphoricarpos","","A; kind with different shaped leaves; photo 9:22"
"269","FC","PERIM","FC.PERIM",2,"enkianthus","enkianthus.campanulatus","enkianthus","dangling bell like pink/white flower","?4; whorled serrated leaves--no photo?"
"270","FC","PERIM","FC.PERIM",9,"euphorbia","euphorbia.sp","euphorbia","","include???"
"271","FC","PERIM","FC.PERIM",2,"evergreen.huckleberry","vaccinium.ovatum","vaccinium","",""
"272","FC","PERIM","FC.PERIM",3,"holly","ilex.sp","ilex","four petal flower; spiny large leaf grp.","?2 holly like alternate / whorled leaves, red berries, photo at 9:28"
"273","FC","PERIM","FC.PERIM",6,"japanese.spiraea","spiraea.nipponica","spiraea","","?1, underlined"
"274","FC","PERIM","FC.PERIM",6,"japanese.spiraea","spiraea.nipponica","spiraea","",""
"275","FC","PERIM","FC.PERIM",10,"oregon.grape","mahonia.sp","mahonia","",""
"276","FC","PERIM","FC.PERIM",15,"ornamental.conifer","ornamental.conifer","ornamental","","possibly mugo pine?"
"277","FC","PERIM","FC.PERIM",23,"red.flowering.currant","ribes.sanguineum","ribes","","B, underlined"
"278","FC","PERIM","FC.PERIM",8,"rhododendron","rhododendron.sp","rhododendron","",""
"279","FC","PERIM","FC.PERIM",5,"rockrose","cistaceae.sp","cistaceae","",""
"280","FC","PERIM","FC.PERIM",5,"salal","gaultheria.shallon","gaultheria","",""
"281","FC","PERIM","FC.PERIM",15,"snowberry","symphoricarpos.sp","symphoricarpos","","underlined, A; kind with different shaped leaves; photo 9:22"
"282","FC","PERIM","FC.PERIM",3,"strawberry.tree","arbutus.unedo","arbutus","",""
"283","FC","PERIM","FC.PERIM",23,"tatarian.dogwood","cornus.alba","cornus","","?3; varigated opposite dogwood; underlined"
"284","FC","PERIM","FC.PERIM",18,"zabel.laurel","prunus.laurocerasus.zabeliana","prunus","",""
"285","FC","PERIM.BUILD","FC.PERIM.BUILD",10,"david.viburnum","viburnum.davidii","viburnum","",""
"286","FC","PERIM.BUILD","FC.PERIM.BUILD",4,"japanese.maple","acer.palmatum","acer","",""
"287","FC","PERIM.BUILD","FC.PERIM.BUILD",22,"japanese.spiraea","spiraea.nipponica","spiraea","snowmound and/or bridalveil","?1"
"288","FC","PERIM.BUILD","FC.PERIM.BUILD",5,"ornamental.conifer","ornamental.conifer","ornamental","",""
"289","FC","PERIM.BUILD","FC.PERIM.BUILD",4,"red.flowering.currant","ribes.sanguineum","ribes","",""
"290","FC","PERIM.BUILD","FC.PERIM.BUILD",20,"rhododendron","rhododendron.sp","rhododendron","",""
"291","FC","PERIM.BUILD","FC.PERIM.BUILD",6,"snowberry","symphoricarpos.sp","symphoricarpos","","A; kind with different shaped leaves; photo 9:22"
"292","FC","PERIM.BUILD","FC.PERIM.BUILD",8,"tatarian.dogwood","cornus.alba","cornus","","?3"
"293","FC","STREET","FC.STREET",999,"DNE","DNE","","",""
"294","FC","STREET.BUILD","FC.STREET.BUILD",45,"david.viburnum","viburnum.davidii","viburnum","",""
"295","FC","STREET.BUILD","FC.STREET.BUILD",8,"holly","ilex.sp","ilex","lg leaf gp","?2 holly like alternate / whorled leaves, red berries, photo at 9:28"
"296","FC","STREET.BUILD","FC.STREET.BUILD",5,"japanese.maple","acer.palmatum","acer","",""
"297","FC","STREET.BUILD","FC.STREET.BUILD",22,"lavender","lavandula.sp","lavandula","",""
"298","FC","STREET.BUILD","FC.STREET.BUILD",47,"oregon.grape","mahonia.sp","mahonia","",""
"299","FC","STREET.BUILD","FC.STREET.BUILD",15,"ornamental.conifer","ornamental.conifer","ornamental","",""
"300","FC","STREET.BUILD","FC.STREET.BUILD",4,"red.flowering.currant","ribes.sanguineum","ribes","","B"
"301","FC","STREET.BUILD","FC.STREET.BUILD",27,"rhododendron","rhododendron.sp","rhododendron","","many dying"
"302","FC","STREET.BUILD","FC.STREET.BUILD",20,"salal","gaultheria.shallon","gaultheria","",""
"303","FC","STREET.BUILD","FC.STREET.BUILD",15,"snowberry","symphoricarpos.sp","symphoricarpos","",""
"304","FC","STREET.BUILD","FC.STREET.BUILD",13,"tatarian.dogwood","cornus.alba","cornus","","dogwood 2? At ms20?--not sure what this means, could be two photos at 9:38?"
"305","FC","STREET.BUILD","FC.STREET.BUILD",12,"zabel.laurel","prunus.laurocerasus.zabeliana","prunus","","mini-laurel"
"306","FC","STREET.ENTR","FC.STREET.ENTR",999,"ferns","ferns","ferns","2",""
"307","FC","STREET.ENTR","FC.STREET.ENTR",13,"lavender","lavandula.sp","lavandula","",""
"308","FC","STREET.ENTR","FC.STREET.ENTR",1,"oregon.grape","mahonia.sp","mahonia","",""
"309","FC","STREET.ENTR","FC.STREET.ENTR",5,"ornamental.conifer","ornamental.conifer","ornamental","",""
"310","FC","STREET.ENTR","FC.STREET.ENTR",25,"salal","gaultheria.shallon","gaultheria","",""
"311","FC","STREET.ENTR","FC.STREET.ENTR",1,"snowberry","symphoricarpos.sp","symphoricarpos","",""
"312","FP","BUILD","FP.BUILD",3,"david.viburnum","viburnum.davidii","viburnum","",""
"313","FP","BUILD","FP.BUILD",2,"euonymus.japonicus.gp","euonymus.japonicus","euonymus","",""
"314","FP","BUILD","FP.BUILD",999,"ferns","ferns","ferns","",""
"315","FP","BUILD","FP.BUILD",1,"forsythia","forsythia.sp","forsythia","didn't find? But have leaf, so at least 1","alternate kind with half serrated leaves; NOT photo at 1300; have leaf"
"316","FP","BUILD","FP.BUILD",1,"huckleberry","vaccinium.parvifolium","vaccinium","",""
"317","FP","BUILD","FP.BUILD",2,"japanese.pieris","pieris.japonica","pieris","",""
"318","FP","BUILD","FP.BUILD",1,"oregon.grape","mahonia.sp","mahonia","",""
"319","FP","BUILD","FP.BUILD",15,"rhododendron","rhododendron.sp","rhododendron","",""
"320","FP","BUILD","FP.BUILD",3,"salal","gaultheria.shallon","gaultheria","",""
"321","FP","BUILD","FP.BUILD",3,"vine.maple","acer.circinatum","acer","",""
"322","FP","BUILD","FP.BUILD",6,"zabel.laurel","prunus.laurocerasus.zabeliana","prunus","",""
"323","FP","BUILD.ENTR","FP.BUILD.ENTR",1,"david.viburnum","viburnum.davidii","viburnum","davids",""
"324","FP","BUILD.ENTR","FP.BUILD.ENTR",4,"euonymus.japonicus.gp","euonymus.japonicus","euonymus","","yellow varigated C; possibly euonymus check opposite, have leaf"
"325","FP","BUILD.ENTR","FP.BUILD.ENTR",999,"ferns","ferns","ferns","",""
"326","FP","BUILD.ENTR","FP.BUILD.ENTR",5,"rhododendron","rhododendron.sp","rhododendron","",""
"327","FP","BUILD.ENTR","FP.BUILD.ENTR",1,"vine.maple","acer.circinatum","acer","",""
"328","FP","PARKING","FP.PARKING",7,"japanese.spiraea","spiraea.nipponica","spiraea","snowmound and/or bridalveil","?3: alternate, flower cluster at tip; this is duckfoot photo"
"329","FP","PARKING","FP.PARKING",15,"silverberry","elaeagnus.commutata","elaeagnus","","limelight'"
"330","FP","PERIM","FP.PERIM",14,"david.viburnum","viburnum.davidii","viburnum","davids",""
"331","FP","PERIM","FP.PERIM",999,"ferns","ferns","ferns","",""
"332","FP","PERIM","FP.PERIM",11,"indian.plum","oemleria.cerasiformis","oemleria","",""
"333","FP","PERIM","FP.PERIM",9,"oregon.grape","mahonia.sp","mahonia","","back of property"
"334","FP","PERIM","FP.PERIM",3,"rhododendron","rhododendron.sp","rhododendron","",""
"335","FP","PERIM","FP.PERIM",5,"salal","gaultheria.shallon","gaultheria","photo count",""
"336","FP","PERIM","FP.PERIM",5,"vine.maple","acer.circinatum","acer","",""
"337","FP","PERIM.BUILD","FP.PERIM.BUILD",13,"cherry.laurel","prunus.laurocerasus","prunus","",""
"338","FP","PERIM.BUILD","FP.PERIM.BUILD",999,"ferns","ferns","ferns","",""
"339","FP","PERIM.BUILD","FP.PERIM.BUILD",4,"forsythia","forsythia.sp","forsythia","",""
"340","FP","PERIM.BUILD","FP.PERIM.BUILD",2,"hawthorn","crataegus.sp","crataegus","",""
"341","FP","PERIM.BUILD","FP.PERIM.BUILD",25,"himalayan.blackberry","rubus.armeniacus","rubus","",""
"342","FP","PERIM.BUILD","FP.PERIM.BUILD",2,"huckleberry","vaccinium.parvifolium","vaccinium","",""
"343","FP","PERIM.BUILD","FP.PERIM.BUILD",6,"indian.plum","oemleria.cerasiformis","oemleria","",""
"344","FP","PERIM.BUILD","FP.PERIM.BUILD",2,"japanese.pieris","pieris.japonica","pieris","",""
"345","FP","PERIM.BUILD","FP.PERIM.BUILD",2,"laurustinus","viburnum.tinus","viburnum","",""
"346","FP","PERIM.BUILD","FP.PERIM.BUILD",32,"oregon.grape","mahonia.sp","mahonia","",""
"347","FP","PERIM.BUILD","FP.PERIM.BUILD",22,"rhododendron","rhododendron.sp","rhododendron","",""
"348","FP","PERIM.BUILD","FP.PERIM.BUILD",28,"salal","gaultheria.shallon","gaultheria","",""
"349","FP","PERIM.BUILD","FP.PERIM.BUILD",16,"silverberry","elaeagnus.commutata","elaeagnus","",""
"350","FP","PERIM.BUILD","FP.PERIM.BUILD",11,"vine.maple","acer.circinatum","acer","",""
"351","FP","STREET","FP.STREET",8,"cherry.laurel","prunus.laurocerasus","prunus","narrow leaf",""
"352","FP","STREET","FP.STREET",1,"holly","ilex.sp","ilex","lg leaf gp",""
"353","FP","STREET","FP.STREET",1,"indian.plum","oemleria.cerasiformis","oemleria","","whole front and entrance"
"354","FP","STREET","FP.STREET",11,"laurustinus","viburnum.tinus","viburnum","","?2; fuzzy opposite; viburnum like berries"
"355","FP","STREET","FP.STREET",7,"oregon.grape","mahonia.sp","mahonia","",""
"356","FP","STREET","FP.STREET",7,"photinia","photinia.fraseri","photinia","",""
"357","FP","STREET","FP.STREET",28,"rhododendron","rhododendron.sp","rhododendron","",""
"358","FP","STREET","FP.STREET",35,"salal","gaultheria.shallon","gaultheria","",""
"359","FP","STREET.BUILD","FP.STREET.BUILD",999,"DNE","DNE","","",""
"360","FP","STREET.ENTR","FP.STREET.ENTR",4,"david.viburnum","viburnum.davidii","viburnum","",""
"361","FP","STREET.ENTR","FP.STREET.ENTR",1,"euonymus.japonicus.gp","euonymus.japonicus","euonymus","",""
"362","FP","STREET.ENTR","FP.STREET.ENTR",999,"ferns","ferns","ferns","one",""
"363","FP","STREET.ENTR","FP.STREET.ENTR",1,"rhododendron","rhododendron.sp","rhododendron","",""
"364","I1","BUILD","I1.BUILD",18,"rhododendron","rhododendron.sp","rhododendron","",""
"365","I1","BUILD","I1.BUILD",36,"zabel.laurel","prunus.laurocerasus.zabeliana","prunus","",""
"366","I1","BUILD.ENTR","I1.BUILD.ENTR",12,"euonymus.japonicus.gp","euonymus.japonicus","euonymus","","varigated ?1; opposite leaves finely toothed, narrow at base and waxy"
"367","I1","BUILD.ENTR","I1.BUILD.ENTR",12,"euphorbia","euphorbia.sp","euphorbia","photo count",""
"368","I1","BUILD.ENTR","I1.BUILD.ENTR",6,"heavenly.bamboo","nandina.domestica","nandina","",""
"369","I1","BUILD.ENTR","I1.BUILD.ENTR",6,"hydrangea","hydrangea.sp","hydrangea","good id","possibly macrophylla"
"370","I1","BUILD.ENTR","I1.BUILD.ENTR",3,"laurustinus","viburnum.tinus","viburnum","",""
"371","I1","BUILD.ENTR","I1.BUILD.ENTR",14,"rhododendron","rhododendron.sp","rhododendron","",""
"372","I1","BUILD.ENTR","I1.BUILD.ENTR",12,"zabel.laurel","prunus.laurocerasus.zabeliana","prunus","","mini-laurel"
"373","I1","PARKING","I1.PARKING",6,"oregon.grape","mahonia.sp","mahonia","",""
"374","I1","PARKING","I1.PARKING",12,"rhododendron","rhododendron.sp","rhododendron","",""
"375","I1","PARKING","I1.PARKING",5,"vine.maple","acer.circinatum","acer","",""
"376","I1","PERIM","I1.PERIM",20,"photinia","photinia.fraseri","photinia","","diseased"
"377","I1","PERIM.BUILD","I1.PERIM.BUILD",999,"DNE","DNE","","",""
"378","I1","STREET","I1.STREET",12,"arborvitae","thuja.occidentalis","thuja","",""
"379","I1","STREET","I1.STREET",1,"euonymus.japonicus.gp","euonymus.japonicus","euonymus","",""
"380","I1","STREET","I1.STREET",1,"evergreen.huckleberry","vaccinium.ovatum","vaccinium","",""
"381","I1","STREET","I1.STREET",2,"heavenly.bamboo","nandina.domestica","nandina","",""
"382","I1","STREET","I1.STREET",4,"japanese.holly","ilex.crenata","ilex","sm","?7; Leaves whorled, small waxy coarse toothed; this is ilex."
"383","I1","STREET","I1.STREET",4,"oregon.grape","mahonia.sp","mahonia","",""
"384","I1","STREET","I1.STREET",1,"photinia","photinia.fraseri","photinia","",""
"385","I1","STREET","I1.STREET",4,"rhododendron","rhododendron.sp","rhododendron","",""
"386","I1","STREET","I1.STREET",25,"salal","gaultheria.shallon","gaultheria","many low","also STREET with no shrubs…"
"387","I1","STREET","I1.STREET",1,"strawberry.tree","arbutus.unedo","arbutus","",""
"388","I1","STREET","I1.STREET",6,"viburnum.plicatum","viburnum.plicatum","viburnum","This is a viburnum, not hydrangea--but one that resembles the sterile/fertile hydrangeas… possibly V. plicatum","?6; leaves opposite, coarse toothed, curled--this is larger leaf. Think it might be a viburnum. Pic at 9:45--looks dogwoody"
"389","I1","STREET.BUILD","I1.STREET.BUILD",999,"NOSHRUB","NOSHRUB","","","between STREET.ENTR no shrubs"
"390","I1","STREET.ENTR","I1.STREET.ENTR",6,"david.viburnum","viburnum.davidii","viburnum","","viburnum davidii"
"391","I1","STREET.ENTR","I1.STREET.ENTR",3,"japanese.pieris","pieris.japonica","pieris","","?3; leaves whorled, finely toothed, flowers on stalks at end of stem/branch"
"392","I1","STREET.ENTR","I1.STREET.ENTR",1,"photinia","photinia.fraseri","photinia","",""
"393","I1","STREET.ENTR","I1.STREET.ENTR",13,"rhododendron","rhododendron.sp","rhododendron","","combine rhodo and azalea"
"394","I1","STREET.ENTR","I1.STREET.ENTR",12,"sarcococca","sarcococca.confusa","sarcococca","","?2; small leaves alternate; pic at 9:12"
"395","I1","STREET.ENTR","I1.STREET.ENTR",3,"vine.maple","acer.circinatum","acer","",""
"396","I2","BUILD","I2.BUILD",10,"japanese.holly","ilex.crenata","ilex","possibly buxus… photo no help",""
"397","I2","BUILD","I2.BUILD",25,"rhododendron","rhododendron.sp","rhododendron","",""
"398","I2","BUILD","I2.BUILD",35,"zabel.laurel","prunus.laurocerasus.zabeliana","prunus","",""
"399","I2","BUILD.ENTR","I2.BUILD.ENTR",12,"euonymus.japonicus.gp","euonymus.japonicus","euonymus","japonicus not japonicus?",""
"400","I2","BUILD.ENTR","I2.BUILD.ENTR",6,"euphorbia","euphorbia.sp","euphorbia","photo",""
"401","I2","BUILD.ENTR","I2.BUILD.ENTR",6,"heavenly.bamboo","nandina.domestica","nandina","",""
"402","I2","BUILD.ENTR","I2.BUILD.ENTR",6,"hydrangea","hydrangea.sp","hydrangea","good id",""
"403","I2","BUILD.ENTR","I2.BUILD.ENTR",6,"laurustinus","viburnum.tinus","viburnum","laurustinus not bearberry cotoneaster","?9; leaves opposite, lightly pubescent, red/maroon berries at end of stem."
"404","I2","BUILD.ENTR","I2.BUILD.ENTR",17,"zabel.laurel","prunus.laurocerasus.zabeliana","prunus","",""
"405","I2","PARKING","I2.PARKING",999,"NOSHRUB","NOSHRUB","","",""
"406","I2","PERIM","I2.PERIM",0,"arborvitae","thuja.occidentalis","thuja","",""
"407","I2","PERIM","I2.PERIM",3,"euonymus.japonicus.gp","euonymus.japonicus","euonymus","",""
"408","I2","PERIM","I2.PERIM",25,"laurustinus","viburnum.tinus","viburnum","","?8; leaves opposite, pubescent, twigs also pubescent. Photo at 11:16--this may be photo of ?9; need to check"
"409","I2","PERIM.BUILD","I2.PERIM.BUILD",999,"DNE","DNE","","",""
"410","I2","STREET","I2.STREET",999,"NOSHRUB","NOSHRUB","","",""
"411","I2","STREET.BUILD","I2.STREET.BUILD",999,"NOSHRUB","NOSHRUB","","",""
"412","I2","STREET.ENTR","I2.STREET.ENTR",3,"arborvitae","thuja.occidentalis","thuja","",""
"413","IB","BUILD","IB.BUILD",5,"blueberry","vaccinium.cyanococcus.gp","vaccinium","",""
"414","IB","BUILD","IB.BUILD",1,"boxwood","buxus.sp","buxus","yes, boxwood; pic counted","?4; leaves opposite, thinly curled margin, boxwood like"
"415","IB","BUILD","IB.BUILD",999,"ferns","ferns","ferns","",""
"416","IB","BUILD","IB.BUILD",1,"forsythia","forsythia.sp","forsythia","","?1; same as ?1 I think from 2000 leafs opposite serrated at tip (should be ?2 from 2000)"
"417","IB","BUILD","IB.BUILD",1,"gardenia","gardenia.sp","gardenia","likely jasminoides",""
"418","IB","BUILD","IB.BUILD",5,"hazelnut","corylus.sp","corylus","",""
"419","IB","BUILD","IB.BUILD",1,"holly","ilex.sp","ilex","lg leaf gp",""
"420","IB","BUILD","IB.BUILD",7,"huckleberry","vaccinium.parvifolium","vaccinium","","?2; same as ?3 (I think) alternte leaves small bell shaped flowers--this should be ?1 from 2000"
"421","IB","BUILD","IB.BUILD",2,"japanese.pieris","pieris.japonica","pieris","",""
"422","IB","BUILD","IB.BUILD",3,"oregon.grape","mahonia.sp","mahonia","",""
"423","IB","BUILD","IB.BUILD",6,"rhododendron","rhododendron.sp","rhododendron","","underlined"
"424","IB","BUILD","IB.BUILD",6,"vine.maple","acer.circinatum","acer","","underlined"
"425","IB","BUILD.ENTR","IB.BUILD.ENTR",3,"cotoneaster","cotoneaster.sp","cotoneaster","",""
"426","IB","BUILD.ENTR","IB.BUILD.ENTR",999,"ferns","ferns","ferns","",""
"427","IB","BUILD.ENTR","IB.BUILD.ENTR",2,"gardenia","gardenia.sp","gardenia","",""
"428","IB","BUILD.ENTR","IB.BUILD.ENTR",4,"oregon.grape","mahonia.sp","mahonia","",""
"429","IB","BUILD.ENTR","IB.BUILD.ENTR",1,"ornamental.conifer","ornamental.conifer","ornamental","",""
"430","IB","BUILD.ENTR","IB.BUILD.ENTR",16,"rhododendron","rhododendron.sp","rhododendron","",""
"431","IB","BUILD.ENTR","IB.BUILD.ENTR",2,"spotted.laurel","aucuba.japonica","aucuba","",""
"432","IB","BUILD.ENTR","IB.BUILD.ENTR",1,"vine.maple","acer.circinatum","acer","",""
"433","IB","PARKING","IB.PARKING",1,"snowberry","symphoricarpos.sp","symphoricarpos","",""
"434","IB","PARKING","IB.PARKING",2,"sumac","rhus.sp","rhus","",""
"435","IB","PARKING","IB.PARKING",1,"vine.maple","acer.circinatum","acer","",""
"436","IB","PERIM","IB.PERIM",999,"DNE","DNE","","",""
"437","IB","PERIM.BUILD","IB.PERIM.BUILD",999,"DNE","DNE","","",""
"438","IB","STREET","IB.STREET",999,"DNE","DNE","","",""
"439","IB","STREET.BUILD","IB.STREET.BUILD",999,"DNE","DNE","","",""
"440","IB","STREET.ENTR","IB.STREET.ENTR",999,"DNE","DNE","","",""
"441","MM","BUILD","MM.BUILD",14,"barberry","berberis.thunbergii","berberis","","?7"
"442","MM","BUILD","MM.BUILD",4,"cherry.laurel","prunus.laurocerasus","prunus","","check photinia"
"443","MM","BUILD","MM.BUILD",11,"cotoneaster","cotoneaster.sp","cotoneaster","","?9"
"444","MM","BUILD","MM.BUILD",45,"david.viburnum","viburnum.davidii","viburnum","davids",""
"445","MM","BUILD","MM.BUILD",92,"dogwood","cornus.sp","cornus","shrub gp",""
"446","MM","BUILD","MM.BUILD",11,"euphorbia","euphorbia.sp","euphorbia","",""
"447","MM","BUILD","MM.BUILD",9,"evergreen.huckleberry","vaccinium.ovatum","vaccinium","",""
"448","MM","BUILD","MM.BUILD",999,"ferns","ferns","ferns","",""
"449","MM","BUILD","MM.BUILD",40,"heavenly.bamboo","nandina.domestica","nandina","",""
"450","MM","BUILD","MM.BUILD",19,"hebe","hebe.sp","hebe","","?6"
"451","MM","BUILD","MM.BUILD",1,"huckleberry","vaccinium.parvifolium","vaccinium","",""
"452","MM","BUILD","MM.BUILD",7,"hypericum","hypericum.calycinum","hypericum","","species might be wrong; ?4; smooth thin opposite entire leaves, yellow 5 petal flower at end of branch forms dark seed pods"
"453","MM","BUILD","MM.BUILD",29,"japanese.holly","ilex.crenata","ilex","",""
"454","MM","BUILD","MM.BUILD",29,"laurustinus","viburnum.tinus","viburnum","",""
"455","MM","BUILD","MM.BUILD",1,"mock.orange","philadelphus.lewisii","philadelphus","good id","?1; leaves opposite, white flower 4-5 petals mostly 4, leaf slighlty toothed. Flower roselike, leaf dogwoodlike; photo at 9:15"
"456","MM","BUILD","MM.BUILD",146,"oregon.grape","mahonia.sp","mahonia","","also dull OG"
"457","MM","BUILD","MM.BUILD",21,"ornamental.conifer","ornamental.conifer","ornamental","",""
"458","MM","BUILD","MM.BUILD",13,"red.flowering.currant","ribes.sanguineum","ribes","","?2"
"459","MM","BUILD","MM.BUILD",14,"rhododendron","rhododendron.sp","rhododendron","",""
"460","MM","BUILD","MM.BUILD",22,"rockrose","cistaceae.sp","cistaceae","","?8"
"461","MM","BUILD","MM.BUILD",5,"rose","rosa.sp","rosa","","mini roses; 5 petal"
"462","MM","BUILD","MM.BUILD",150,"salal","gaultheria.shallon","gaultheria","",""
"463","MM","BUILD","MM.BUILD",31,"spiraea","spiraea.sp","spiraea","",""
"464","MM","BUILD","MM.BUILD",27,"strawberry.tree","arbutus.unedo","arbutus","","?11; strawberry tree or what??"
"465","MM","BUILD","MM.BUILD",12,"vine.maple","acer.circinatum","acer","",""
"466","MM","BUILD","MM.BUILD",24,"winged.euonymus","euonymus.alatus","euonymus","","?3, leaf opposite, entire, dogwood like--no photo??"
"467","MM","BUILD","MM.BUILD",27,"zabel.laurel","prunus.laurocerasus.zabeliana","prunus","",""
"468","MM","BUILD.ENTR","MM.BUILD.ENTR",1,"common.heather","calluna.vulgaris","calluna","",""
"469","MM","BUILD.ENTR","MM.BUILD.ENTR",10,"dogwood","cornus.sp","cornus","shrub group",""
"470","MM","BUILD.ENTR","MM.BUILD.ENTR",7,"euphorbia","euphorbia.sp","euphorbia","",""
"471","MM","BUILD.ENTR","MM.BUILD.ENTR",999,"ferns","ferns","ferns","",""
"472","MM","BUILD.ENTR","MM.BUILD.ENTR",32,"heavenly.bamboo","nandina.domestica","nandina","",""
"473","MM","BUILD.ENTR","MM.BUILD.ENTR",2,"hebe","hebe.sp","hebe","",""
"474","MM","BUILD.ENTR","MM.BUILD.ENTR",10,"hypericum","hypericum.calycinum","hypericum","",""
"475","MM","BUILD.ENTR","MM.BUILD.ENTR",1,"indian.plum","oemleria.cerasiformis","oemleria","",""
"476","MM","BUILD.ENTR","MM.BUILD.ENTR",17,"leycesteria","leycesteria.formosa","leycesteria","","?5; bamboo like stem, leaves opposite, entire or toothed or lobed.; photo at 10:59"
"477","MM","BUILD.ENTR","MM.BUILD.ENTR",1,"mock.orange","philadelphus.lewisii","philadelphus","good id","?1; leaves opposite, white flower 4-5 petals mostly 4, leaf slighlty toothed. Flower roselike, leaf dogwoodlike; photo at 9:15"
"478","MM","BUILD.ENTR","MM.BUILD.ENTR",5,"ninebark","physocarpus.opulifolious","physocarpus","",""
"479","MM","BUILD.ENTR","MM.BUILD.ENTR",30,"oregon.grape","mahonia.sp","mahonia","","also dull OG"
"480","MM","BUILD.ENTR","MM.BUILD.ENTR",3,"ornamental.conifer","ornamental.conifer","ornamental","",""
"481","MM","BUILD.ENTR","MM.BUILD.ENTR",7,"red.flowering.currant","ribes.sanguineum","ribes","",""
"482","MM","BUILD.ENTR","MM.BUILD.ENTR",15,"salal","gaultheria.shallon","gaultheria","","underlined"
"483","MM","BUILD.ENTR","MM.BUILD.ENTR",51,"sarcococca","sarcococca.confusa","sarcococca","",""
"484","MM","BUILD.ENTR","MM.BUILD.ENTR",3,"snowberry","symphoricarpos.sp","symphoricarpos","",""
"485","MM","BUILD.ENTR","MM.BUILD.ENTR",5,"vine.maple","acer.circinatum","acer","",""
"486","MM","BUILD.ENTR","MM.BUILD.ENTR",1,"winged.euonymus","euonymus.alatus","euonymus","","?3, leaf opposite, entire, dogwood like--no photo??"
"487","MM","BUILD.ENTR","MM.BUILD.ENTR",2,"winter.heath","erica.sp","erica","",""
"488","MM","PARKING","MM.PARKING",7,"barberry","berberis.thunbergii","berberis","",""
"489","MM","PARKING","MM.PARKING",13,"david.viburnum","viburnum.davidii","viburnum","davids",""
"490","MM","PARKING","MM.PARKING",999,"ferns","ferns","ferns","",""
"491","MM","PARKING","MM.PARKING",9,"heavenly.bamboo","nandina.domestica","nandina","",""
"492","MM","PARKING","MM.PARKING",16,"oregon.grape","mahonia.sp","mahonia","","SPLIT OUT"
"493","MM","PARKING","MM.PARKING",3,"ornamental.conifer","ornamental.conifer","ornamental","",""
"494","MM","PARKING","MM.PARKING",2,"salal","gaultheria.shallon","gaultheria","",""
"495","MM","PARKING","MM.PARKING",3,"spiraea","spiraea.sp","spiraea","",""
"496","MM","PARKING","MM.PARKING",2,"strawberry.tree","arbutus.unedo","arbutus","",""
"497","MM","PARKING","MM.PARKING",12,"winged.euonymus","euonymus.alatus","euonymus","",""
"498","MM","PERIM","MM.PERIM",5,"barberry","berberis.thunbergii","berberis","",""
"499","MM","PERIM","MM.PERIM",29,"cherry.laurel","prunus.laurocerasus","prunus","",""
"500","MM","PERIM","MM.PERIM",8,"dogwood","cornus.sp","cornus","shrub group; possibly yellow stem alba",""
"501","MM","PERIM","MM.PERIM",11,"evergreen.huckleberry","vaccinium.ovatum","vaccinium","",""
"502","MM","PERIM","MM.PERIM",999,"ferns","ferns","ferns","",""
"503","MM","PERIM","MM.PERIM",25,"hazelnut","corylus.sp","corylus","",""
"504","MM","PERIM","MM.PERIM",20,"heavenly.bamboo","nandina.domestica","nandina","",""
"505","MM","PERIM","MM.PERIM",25,"himalayan.blackberry","rubus.armeniacus","rubus","",""
"506","MM","PERIM","MM.PERIM",5,"huckleberry","vaccinium.parvifolium","vaccinium","",""
"507","MM","PERIM","MM.PERIM",15,"indian.plum","oemleria.cerasiformis","oemleria","",""
"508","MM","PERIM","MM.PERIM",32,"oregon.grape","mahonia.sp","mahonia","",""
"509","MM","PERIM","MM.PERIM",24,"red.flowering.currant","ribes.sanguineum","ribes","","?2"
"510","MM","PERIM","MM.PERIM",6,"rhododendron","rhododendron.sp","rhododendron","",""
"511","MM","PERIM","MM.PERIM",4,"rockrose","cistaceae.sp","cistaceae","","?8"
"512","MM","PERIM","MM.PERIM",14,"rose","rosa.sp","rosa","",""
"513","MM","PERIM","MM.PERIM",57,"salal","gaultheria.shallon","gaultheria","",""
"514","MM","PERIM","MM.PERIM",20,"salmonberry","rubus.spectabilis","rubus","",""
"515","MM","PERIM","MM.PERIM",15,"snowberry","symphoricarpos.sp","symphoricarpos","",""
"516","MM","PERIM","MM.PERIM",17,"spiraea","spiraea.sp","spiraea","",""
"517","MM","PERIM","MM.PERIM",8,"strawberry.tree","arbutus.unedo","arbutus","","?11; strawberry tree or what??"
"518","MM","PERIM","MM.PERIM",5,"sumac","rhus.sp","rhus","",""
"519","MM","PERIM","MM.PERIM",5,"unknown.gpN","unknown.gpN","unknown","photo at 10:29--somewhat prunus like; flower matches",""
"520","MM","PERIM","MM.PERIM",5,"viburnum.plicatum","viburnum.plicatum","viburnum","hydrangea like viburnum gp",""
"521","MM","PERIM","MM.PERIM",28,"vine.maple","acer.circinatum","acer","","underlined"
"522","MM","PERIM","MM.PERIM",2,"winged.euonymus","euonymus.alatus","euonymus","","?3, leaf opposite, entire, dogwood like--no photo??"
"523","MM","PERIM","MM.PERIM",5,"zabel.laurel","prunus.laurocerasus.zabeliana","prunus","and narrow one",""
"524","MM","PERIM.BUILD","MM.PERIM.BUILD",999,"DNE","DNE","","",""
"525","MM","STREET","MM.STREET",9,"dogwood","cornus.sp","cornus","shrub gp",""
"526","MM","STREET","MM.STREET",999,"ferns","ferns","ferns","",""
"527","MM","STREET","MM.STREET",33,"hazelnut","corylus.sp","corylus","",""
"528","MM","STREET","MM.STREET",3,"holly","ilex.sp","ilex","no crenata seen so prob big leaf",""
"529","MM","STREET","MM.STREET",28,"indian.plum","oemleria.cerasiformis","oemleria","",""
"530","MM","STREET","MM.STREET",30,"oregon.grape","mahonia.sp","mahonia","",""
"531","MM","STREET","MM.STREET",3,"red.flowering.currant","ribes.sanguineum","ribes","",""
"532","MM","STREET","MM.STREET",7,"rose","rosa.sp","rosa","",""
"533","MM","STREET","MM.STREET",100,"salal","gaultheria.shallon","gaultheria","",""
"534","MM","STREET","MM.STREET",12,"strawberry.tree","arbutus.unedo","arbutus","","?11; strawberry tree or what??"
"535","MM","STREET","MM.STREET",30,"vine.maple","acer.circinatum","acer","","underlined"
"536","MM","STREET.BUILD","MM.STREET.BUILD",999,"DNE","DNE","","",""
"537","MM","STREET.ENTR","MM.STREET.ENTR",2,"boxwood","buxus.sp","buxus","ok id",""
"538","MM","STREET.ENTR","MM.STREET.ENTR",11,"david.viburnum","viburnum.davidii","viburnum","davids",""
"539","MM","STREET.ENTR","MM.STREET.ENTR",3,"euphorbia","euphorbia.sp","euphorbia","",""
"540","MM","STREET.ENTR","MM.STREET.ENTR",999,"ferns","ferns","ferns","",""
"541","MM","STREET.ENTR","MM.STREET.ENTR",5,"heavenly.bamboo","nandina.domestica","nandina","",""
"542","MM","STREET.ENTR","MM.STREET.ENTR",4,"ninebark","physocarpus.opulifolious","physocarpus","",""
"543","MM","STREET.ENTR","MM.STREET.ENTR",9,"oregon.grape","mahonia.sp","mahonia","",""
"544","MM","STREET.ENTR","MM.STREET.ENTR",13,"rockrose","cistaceae.sp","cistaceae","",""
"545","MM","STREET.ENTR","MM.STREET.ENTR",23,"salal","gaultheria.shallon","gaultheria","",""
"546","20M","BUILD","20M.BUILD",18,"barberry","berberis.thunbergii","berberis","","?3"
"547","20M","BUILD","20M.BUILD",12,"david.viburnum","viburnum.davidii","viburnum","davids","underlined; leatherleaf?"
"548","20M","BUILD","20M.BUILD",999,"ferns","ferns","ferns","",""
"549","20M","BUILD","20M.BUILD",1,"japanese.maple","acer.palmatum","acer","",""
"550","20M","BUILD","20M.BUILD",3,"japanese.pieris","pieris.japonica","pieris","",""
"551","20M","BUILD","20M.BUILD",3,"oregon.grape","mahonia.sp","mahonia","",""
"552","20M","BUILD","20M.BUILD",26,"rhododendron","rhododendron.sp","rhododendron","","underlined"
"553","20M","BUILD","20M.BUILD",3,"sarcococca","sarcococca.confusa","sarcococca","",""
"554","20M","BUILD","20M.BUILD",45,"zabel.laurel","prunus.laurocerasus.zabeliana","prunus","",""
"555","20M","BUILD.ENTR","20M.BUILD.ENTR",5,"barberry","berberis.thunbergii","berberis","",""
"556","20M","BUILD.ENTR","20M.BUILD.ENTR",1,"dogwood","cornus.sp","cornus","",""
"557","20M","BUILD.ENTR","20M.BUILD.ENTR",2,"hydrangea","hydrangea.sp","hydrangea","ok id",""
"558","20M","BUILD.ENTR","20M.BUILD.ENTR",1,"japanese.maple","acer.palmatum","acer","",""
"559","20M","BUILD.ENTR","20M.BUILD.ENTR",7,"japanese.pieris","pieris.japonica","pieris","",""
"560","20M","BUILD.ENTR","20M.BUILD.ENTR",6,"spiraea","spiraea.sp","spiraea","",""
"561","20M","PARKING","20M.PARKING",4,"cotoneaster","cotoneaster.sp","cotoneaster","",""
"562","20M","PARKING","20M.PARKING",7,"david.viburnum","viburnum.davidii","viburnum","davids",""
"563","20M","PARKING","20M.PARKING",999,"ferns","ferns","ferns","",""
"564","20M","PARKING","20M.PARKING",3,"rhododendron","rhododendron.sp","rhododendron","",""
"565","20M","PARKING","20M.PARKING",8,"winged.euonymus","euonymus.alatus","euonymus","","?2; opposite, finely serrated photo 9:06"
"566","20M","PERIM","20M.PERIM",9,"arborvitae","thuja.occidentalis","thuja","",""
"567","20M","PERIM","20M.PERIM",2,"cotoneaster","cotoneaster.sp","cotoneaster","","?1; same as other sites--fuzzy under, smooth margins, alternate flowers clustered white with purple dots. Photo 9:04"
"568","20M","PERIM","20M.PERIM",18,"david.viburnum","viburnum.davidii","viburnum","",""
"569","20M","PERIM","20M.PERIM",29,"dogwood","cornus.sp","cornus","shrub gp","two varieties; dogwood 2 noted elsewhere (dogwood 2? At ms20?--not sure what this means, could be two photos at 9:38?)"
"570","20M","PERIM","20M.PERIM",1,"japanese.pieris","pieris.japonica","pieris","",""
"571","20M","PERIM","20M.PERIM",1,"laurustinus","viburnum.tinus","viburnum","","fuzzy laurel like? Photo 9:40 (these three have // next to them?)"
"572","20M","PERIM","20M.PERIM",1,"oregon.grape","mahonia.sp","mahonia","","? By it, not sure why"
"573","20M","PERIM","20M.PERIM",15,"ornamental.conifer","ornamental.conifer","ornamental","",""
"574","20M","PERIM","20M.PERIM",6,"red.flowering.currant","ribes.sanguineum","ribes","",""
"575","20M","PERIM","20M.PERIM",15,"rhododendron","rhododendron.sp","rhododendron","",""
"576","20M","PERIM","20M.PERIM",5,"salal","gaultheria.shallon","gaultheria","",""
"577","20M","PERIM","20M.PERIM",1,"snowberry","symphoricarpos.sp","symphoricarpos","","? With different shaped leaves from 2000"
"578","20M","PERIM","20M.PERIM",20,"vine.maple","acer.circinatum","acer","",""
"579","20M","PERIM","20M.PERIM",11,"winged.euonymus","euonymus.alatus","euonymus","","?2; opposite, finely serrated photo 9:06"
"580","20M","PERIM","20M.PERIM",5,"zabel.laurel","prunus.laurocerasus.zabeliana","prunus","",""
"581","20M","PERIM.BUILD","20M.PERIM.BUILD",2,"cotoneaster","cotoneaster.sp","cotoneaster","",""
"582","20M","PERIM.BUILD","20M.PERIM.BUILD",7,"dogwood","cornus.sp","cornus","shrub gp","two varieties; dogwood 2 noted elsewhere (dogwood 2? At ms20?--not sure what this means, could be two photos at 9:38?)"
"583","20M","PERIM.BUILD","20M.PERIM.BUILD",4,"photinia","photinia.fraseri","photinia","",""
"584","20M","PERIM.BUILD","20M.PERIM.BUILD",9,"rhododendron","rhododendron.sp","rhododendron","",""
"585","20M","PERIM.BUILD","20M.PERIM.BUILD",5,"salal","gaultheria.shallon","gaultheria","",""
"586","20M","PERIM.BUILD","20M.PERIM.BUILD",3,"winged.euonymus","euonymus.alatus","euonymus","","?2; opposite, finely serrated photo 9:06"
"587","20M","STREET","20M.STREET",5,"arborvitae","thuja.occidentalis","thuja","",""
"588","20M","STREET","20M.STREET",69,"barberry","berberis.thunbergii","berberis","","?3; also at (??); leaves alternate clustered, thorns, red; photo 9:09"
"589","20M","STREET","20M.STREET",11,"cherry.laurel","prunus.laurocerasus","prunus","","check photinia"
"590","20M","STREET","20M.STREET",2,"cotoneaster","cotoneaster.sp","cotoneaster","","underlined"
"591","20M","STREET","20M.STREET",6,"david.viburnum","viburnum.davidii","viburnum","",""
"592","20M","STREET","20M.STREET",1,"dogwood","cornus.sp","cornus","shrub gp",""
"593","20M","STREET","20M.STREET",15,"heavenly.bamboo","nandina.domestica","nandina","","?4; leaves opposite, smooth margins--rather diseased nandina"
"594","20M","STREET","20M.STREET",2,"japanese.maple","acer.palmatum","acer","",""
"595","20M","STREET","20M.STREET",5,"japanese.snowball","styrax.japonicus","styrax","",""
"596","20M","STREET","20M.STREET",3,"photinia","photinia.fraseri","photinia","",""
"597","20M","STREET","20M.STREET",23,"rhododendron","rhododendron.sp","rhododendron","","underlined"
"598","20M","STREET","20M.STREET",5,"salal","gaultheria.shallon","gaultheria","",""
"599","20M","STREET","20M.STREET",5,"vine.maple","acer.circinatum","acer","",""
"600","20M","STREET","20M.STREET",5,"winged.euonymus","euonymus.alatus","euonymus","","?2; opposite, finely serrated photo 9:06"
"601","20M","STREET","20M.STREET",78,"zabel.laurel","prunus.laurocerasus.zabeliana","prunus","",""
"602","20M","STREET.BUILD","20M.STREET.BUILD",999,"DNE","DNE","","",""
"603","20M","STREET.ENTR","20M.STREET.ENTR",1,"barberry","berberis.thunbergii","berberis","",""
"604","20M","STREET.ENTR","20M.STREET.ENTR",2,"heavenly.bamboo","nandina.domestica","nandina","","same as 1… and no shrubs on other side."
"605","20M","STREET.ENTR","20M.STREET.ENTR",6,"zabel.laurel","prunus.laurocerasus.zabeliana","prunus","",""
"606","22M","BUILD","22M.BUILD",999,"ferns","ferns","ferns","",""
"607","22M","BUILD","22M.BUILD",5,"leucothoe","leucothoe.fontanesiana","leucothoe","","?5; laurel like alternate leaves with fine toothed margin; photo at 11:46"
"608","22M","BUILD","22M.BUILD",1,"lilac","syringa.vulgaris","syringa","","only one"
"609","22M","BUILD","22M.BUILD",25,"oregon.grape","mahonia.sp","mahonia","",""
"610","22M","BUILD","22M.BUILD",16,"rhododendron","rhododendron.sp","rhododendron","",""
"611","22M","BUILD","22M.BUILD",100,"salal","gaultheria.shallon","gaultheria","",""
"612","22M","BUILD","22M.BUILD",3,"vine.maple","acer.circinatum","acer","",""
"613","22M","BUILD.ENTR","22M.BUILD.ENTR",10,"hebe","hebe.sp","hebe","","likely topiaria; ?4; small opposite leaves at other sites also; 11:43"
"614","22M","BUILD.ENTR","22M.BUILD.ENTR",5,"japanese.holly","ilex.crenata","ilex","","?3; small alternate leaves with curled margin at other sites also; photo 11:42; variety 'convexa'"
"615","22M","BUILD.ENTR","22M.BUILD.ENTR",10,"japanese.pieris","pieris.japonica","pieris","",""
"616","22M","BUILD.ENTR","22M.BUILD.ENTR",10,"rhododendron","rhododendron.sp","rhododendron","","underlined"
"617","22M","BUILD.ENTR","22M.BUILD.ENTR",4,"vine.maple","acer.circinatum","acer","",""
"618","22M","PARKING","22M.PARKING",78,"evergreen.huckleberry","vaccinium.ovatum","vaccinium","","?1"
"619","22M","PARKING","22M.PARKING",999,"ferns","ferns","ferns","",""
"620","22M","PARKING","22M.PARKING",200,"oregon.grape","mahonia.sp","mahonia","",""
"621","22M","PARKING","22M.PARKING",6,"rose","rosa.sp","rosa","",""
"622","22M","PARKING","22M.PARKING",68,"salal","gaultheria.shallon","gaultheria","",""
"623","22M","PARKING","22M.PARKING",10,"vine.maple","acer.circinatum","acer","",""
"624","22M","PERIM","22M.PERIM",1,"cherry.laurel","prunus.laurocerasus","prunus","",""
"625","22M","PERIM","22M.PERIM",7,"dogwood","cornus.sp","cornus","alba and tall; split after.",""
"626","22M","PERIM","22M.PERIM",999,"ferns","ferns","ferns","",""
"627","22M","PERIM","22M.PERIM",4,"flowering.dogwood.gp","cornus.florida.gp","cornus","tall",""
"628","22M","PERIM","22M.PERIM",2,"huckleberry","vaccinium.parvifolium","vaccinium","","?2; alternate leaves, smooth margin, @OS"
"629","22M","PERIM","22M.PERIM",25,"hypericum","hypericum.calycinum","hypericum","",""
"630","22M","PERIM","22M.PERIM",59,"oregon.grape","mahonia.sp","mahonia","",""
"631","22M","PERIM","22M.PERIM",1,"rhododendron","rhododendron.sp","rhododendron","",""
"632","22M","PERIM","22M.PERIM",4,"rose","rosa.sp","rosa","",""
"633","22M","PERIM","22M.PERIM",50,"salal","gaultheria.shallon","gaultheria","photo",""
"634","22M","PERIM","22M.PERIM",3,"snowberry","symphoricarpos.sp","symphoricarpos","",""
"635","22M","PERIM","22M.PERIM",10,"vine.maple","acer.circinatum","acer","",""
"636","22M","PERIM.BUILD","22M.PERIM.BUILD",999,"ferns","ferns","ferns","",""
"637","22M","PERIM.BUILD","22M.PERIM.BUILD",5,"oregon.grape","mahonia.sp","mahonia","",""
"638","22M","PERIM.BUILD","22M.PERIM.BUILD",50,"salal","gaultheria.shallon","gaultheria","","underlined"
"639","22M","PERIM.BUILD","22M.PERIM.BUILD",8,"vine.maple","acer.circinatum","acer","",""
"640","22M","STREET","22M.STREET",21,"cherry.laurel","prunus.laurocerasus","prunus","","check photinia"
"641","22M","STREET","22M.STREET",23,"dogwood","cornus.sp","cornus","shrub gp","dogwood 1"
"642","22M","STREET","22M.STREET",25,"evergreen.blackberry","rubus.laciniatus","rubus","",""
"643","22M","STREET","22M.STREET",69,"evergreen.huckleberry","vaccinium.ovatum","vaccinium","","?1"
"644","22M","STREET","22M.STREET",14,"indian.plum","oemleria.cerasiformis","oemleria","",""
"645","22M","STREET","22M.STREET",1,"japanese.snowball","styrax.japonicus","styrax","","dangly white flower"
"646","22M","STREET","22M.STREET",68,"oregon.grape","mahonia.sp","mahonia","",""
"647","22M","STREET","22M.STREET",28,"red.flowering.currant","ribes.sanguineum","ribes","","?6; alternate palmate leaves, at os"
"648","22M","STREET","22M.STREET",4,"rose","rosa.sp","rosa","",""
"649","22M","STREET","22M.STREET",100,"salal","gaultheria.shallon","gaultheria","",""
"650","22M","STREET","22M.STREET",3,"sambucus.sp","sambucus.sp","sambucus","compound leaf opposite at 4:26",""
"651","22M","STREET","22M.STREET",22,"snowberry","symphoricarpos.sp","symphoricarpos","","?7; one that changes shapes, small ping flowers"
"652","22M","STREET","22M.STREET",63,"strawberry.tree","arbutus.unedo","arbutus","","underlined (or crossed out?)"
"653","22M","STREET","22M.STREET",0,"unknown.gpI","unknown.gpI","unknown","?? Couldn’t find","?8; serrated alternate, reddish bark"
"654","22M","STREET","22M.STREET",20,"vine.maple","acer.circinatum","acer","",""
"655","22M","STREET","22M.STREET",4,"zabel.laurel","prunus.laurocerasus.zabeliana","prunus","",""
"656","22M","STREET.BUILD","22M.STREET.BUILD",999,"DNE","DNE","","",""
"657","22M","STREET.ENTR","22M.STREET.ENTR",3,"dogwood","cornus.sp","cornus","shrub gp",""
"658","22M","STREET.ENTR","22M.STREET.ENTR",8,"evergreen.huckleberry","vaccinium.ovatum","vaccinium","",""
"659","22M","STREET.ENTR","22M.STREET.ENTR",4,"hypericum","hypericum.calycinum","hypericum","",""
"660","22M","STREET.ENTR","22M.STREET.ENTR",2,"oregon.grape","mahonia.sp","mahonia","",""
"661","22M","STREET.ENTR","22M.STREET.ENTR",3,"rose","rosa.sp","rosa","",""
"662","22M","STREET.ENTR","22M.STREET.ENTR",25,"salal","gaultheria.shallon","gaultheria","",""
"663","22M","STREET.ENTR","22M.STREET.ENTR",3,"snowberry","symphoricarpos.sp","symphoricarpos","",""
"664","OP","BUILD","OP.BUILD",14,"rhododendron","rhododendron.sp","rhododendron","",""
"665","OP","BUILD.ENTR","OP.BUILD.ENTR",2,"heavenly.bamboo","nandina.domestica","nandina","",""
"666","OP","BUILD.ENTR","OP.BUILD.ENTR",5,"rhododendron","rhododendron.sp","rhododendron","","building entrance…"
"667","OP","BUILD.ENTR","OP.BUILD.ENTR",0,"tatarian.dogwood","cornus.alba","cornus","not found?","B; varigated seen elsewhere"
"668","OP","PARKING","OP.PARKING",31,"zabel.laurel","prunus.laurocerasus.zabeliana","prunus","",""
"669","OP","PERIM","OP.PERIM",11,"barberry","berberis.thunbergii","berberis","",""
"670","OP","PERIM","OP.PERIM",64,"burkwood.osmanthus","osmanthus.burkwoodii","osmanthus","",""
"671","OP","PERIM","OP.PERIM",162,"dogwood","cornus.sp","cornus","shrub gp",""
"672","OP","PERIM","OP.PERIM",7,"escallonia","escallonia.sp","escallonia","",""
"673","OP","PERIM","OP.PERIM",63,"forsythia","forsythia.sp","forsythia","","south edge border; half serrated kind A"
"674","OP","PERIM","OP.PERIM",13,"ornamental.conifer","ornamental.conifer","ornamental","",""
"675","OP","PERIM","OP.PERIM",136,"shrub.honeysuckle","lonicera.pileata","lonicera","v. low; opposite leaves photo at 12:29; not buxus--lonicera",""
"676","OP","PERIM.BUILD","OP.PERIM.BUILD",3,"japanese.snowball","styrax.japonicus","styrax","",""
"677","OP","PERIM.BUILD","OP.PERIM.BUILD",19,"rhododendron","rhododendron.sp","rhododendron","",""
"678","OP","STREET","OP.STREET",10,"escallonia","escallonia.sp","escallonia","good id.",""
"679","OP","STREET","OP.STREET",24,"japanese.holly","ilex.crenata","ilex","","?1; leaves whorled, small"
"680","OP","STREET","OP.STREET",34,"zabel.laurel","prunus.laurocerasus.zabeliana","prunus","",""
"681","OP","STREET.BUILD","OP.STREET.BUILD",999,"DNE","DNE","","",""
"682","OP","STREET.ENTR","OP.STREET.ENTR",45,"zabel.laurel","prunus.laurocerasus.zabeliana","prunus","",""
"683","PS","BUILD","PS.BUILD",1,"rhododendron","rhododendron.sp","rhododendron","",""
"684","PS","BUILD","PS.BUILD",3,"vine.maple","acer.circinatum","acer","","new group at side of building"
"685","PS","BUILD.ENTR","PS.BUILD.ENTR",3,"evergreen.huckleberry","vaccinium.ovatum","vaccinium","","alternate serrated seen elsewhere"
"686","PS","BUILD.ENTR","PS.BUILD.ENTR",3,"heavenly.bamboo","nandina.domestica","nandina","",""
"687","PS","BUILD.ENTR","PS.BUILD.ENTR",4,"japanese.pieris","pieris.japonica","pieris","","entrance"
"688","PS","BUILD.ENTR","PS.BUILD.ENTR",2,"ornamental.conifer","ornamental.conifer","ornamental","",""
"689","PS","BUILD.ENTR","PS.BUILD.ENTR",1,"rhododendron","rhododendron.sp","rhododendron","","one"
"690","PS","BUILD.ENTR","PS.BUILD.ENTR",3,"sarcococca","sarcococca.confusa","sarcococca","","alternate/whorled; ?2"
"691","PS","BUILD.ENTR","PS.BUILD.ENTR",1,"unknown.gpJ","unknown.gpJ","unknown","photo 6:04 4/30--thick, glossy leaves",""
"692","PS","BUILD.ENTR","PS.BUILD.ENTR",1,"vine.maple","acer.circinatum","acer","",""
"693","PS","PARKING","PS.PARKING",999,"DNE","DNE","","",""
"694","PS","PERIM","PS.PERIM",1,"dogwood","cornus.sp","cornus","shrub gp","one"
"695","PS","PERIM","PS.PERIM",999,"ferns","ferns","ferns","",""
"696","PS","PERIM","PS.PERIM",1,"hawthorn","crataegus.sp","crataegus","",""
"697","PS","PERIM","PS.PERIM",25,"himalayan.blackberry","rubus.armeniacus","rubus","",""
"698","PS","PERIM","PS.PERIM",8,"holly","ilex.sp","ilex","large leaf gp",""
"699","PS","PERIM","PS.PERIM",0,"huckleberry","vaccinium.parvifolium","vaccinium","",""
"700","PS","PERIM","PS.PERIM",7,"indian.plum","oemleria.cerasiformis","oemleria","",""
"701","PS","PERIM","PS.PERIM",8,"oregon.grape","mahonia.sp","mahonia","",""
"702","PS","PERIM","PS.PERIM",8,"salal","gaultheria.shallon","gaultheria","",""
"703","PS","PERIM","PS.PERIM",1,"unknown.gpK","unknown.gpK","unknown","dogwood like 6:01--kind of looks like baby tree",""
"704","PS","PERIM","PS.PERIM",2,"vine.maple","acer.circinatum","acer","",""
"705","PS","PERIM","PS.PERIM",2,"zabel.laurel","prunus.laurocerasus.zabeliana","prunus","",""
"706","PS","PERIM.BUILD","PS.PERIM.BUILD",999,"ferns","ferns","ferns","",""
"707","PS","PERIM.BUILD","PS.PERIM.BUILD",0,"hawthorn","crataegus.sp","crataegus","",""
"708","PS","PERIM.BUILD","PS.PERIM.BUILD",10,"himalayan.blackberry","rubus.armeniacus","rubus","",""
"709","PS","PERIM.BUILD","PS.PERIM.BUILD",18,"indian.plum","oemleria.cerasiformis","oemleria","",""
"710","PS","PERIM.BUILD","PS.PERIM.BUILD",9,"oregon.grape","mahonia.sp","mahonia","",""
"711","PS","PERIM.BUILD","PS.PERIM.BUILD",3,"rhododendron","rhododendron.sp","rhododendron","",""
"712","PS","STREET","PS.STREET",2,"vine.maple","acer.circinatum","acer","","new group at front of building facing street"
"713","PS","STREET.BUILD","PS.STREET.BUILD",999,"DNE","DNE","","",""
"714","PS","STREET.ENTR","PS.STREET.ENTR",4,"boxwood","buxus.sp","buxus","good id.","new group near driveway entrance sign"
"715","RW","BUILD","RW.BUILD",19,"cotoneaster","cotoneaster.sp","cotoneaster","","underlined"
"716","RW","BUILD","RW.BUILD",2,"dogwood","cornus.sp","cornus","shrub gp?",""
"717","RW","BUILD","RW.BUILD",2,"euonymus.japonicus.gp","euonymus.japonicus","euonymus","check photo",""
"718","RW","BUILD","RW.BUILD",1,"hawthorn","crataegus.sp","crataegus","",""
"719","RW","BUILD","RW.BUILD",2,"holly","ilex.sp","ilex","large leaf gp","check?"
"720","RW","BUILD","RW.BUILD",1,"japanese.snowball","styrax.japonicus","styrax","",""
"721","RW","BUILD","RW.BUILD",4,"laurustinus","viburnum.tinus","viburnum","",""
"722","RW","BUILD","RW.BUILD",16,"oregon.grape","mahonia.sp","mahonia","",""
"723","RW","BUILD","RW.BUILD",4,"ornamental.conifer","ornamental.conifer","ornamental","",""
"724","RW","BUILD","RW.BUILD",20,"rhododendron","rhododendron.sp","rhododendron","","underlined"
"725","RW","BUILD","RW.BUILD",37,"salal","gaultheria.shallon","gaultheria","",""
"726","RW","BUILD","RW.BUILD",6,"strawberry.tree","arbutus.unedo","arbutus","","?6; opposite toothed leaves ringed in red; strawberry bush like"
"727","RW","BUILD","RW.BUILD",1,"unknown.gpC","unknown.gpC","unknown","smooth alternate; photo 2:36 may be same as ?7 Not the same as unknA","?7; alternate leaves with small leaflet at base, margins smooth"
"728","RW","BUILD","RW.BUILD",1,"unknown.gpL","unknown.gpL","unknown","gardenia?","?8; alternate leaves slightly teardrop shaped, narrower at base; magnolia like"
"729","RW","BUILD","RW.BUILD",14,"vine.maple","acer.circinatum","acer","","underlined"
"730","RW","BUILD","RW.BUILD",6,"winter.heath","erica.sp","erica","","or scotch heather? Check"
"731","RW","BUILD.ENTR","RW.BUILD.ENTR",1,"japanese.maple","acer.palmatum","acer","",""
"732","RW","BUILD.ENTR","RW.BUILD.ENTR",1,"japanese.snowball","styrax.japonicus","styrax","",""
"733","RW","BUILD.ENTR","RW.BUILD.ENTR",3,"leucothoe","leucothoe.fontanesiana","leucothoe","",""
"734","RW","BUILD.ENTR","RW.BUILD.ENTR",4,"rhododendron","rhododendron.sp","rhododendron","",""
"735","RW","BUILD.ENTR","RW.BUILD.ENTR",1,"vine.maple","acer.circinatum","acer","",""
"736","RW","PARKING","RW.PARKING",999,"DNE","DNE","","",""
"737","RW","PERIM","RW.PERIM",999,"DNE","DNE","","",""
"738","RW","PERIM.BUILD","RW.PERIM.BUILD",999,"DNE","DNE","","",""
"739","RW","STREET","RW.STREET",999,"DNE","DNE","","",""
"740","RW","STREET.BUILD","RW.STREET.BUILD",1,"cherry.laurel","prunus.laurocerasus","prunus","","check photinia"
"741","RW","STREET.BUILD","RW.STREET.BUILD",20,"cotoneaster","cotoneaster.sp","cotoneaster","",""
"742","RW","STREET.BUILD","RW.STREET.BUILD",2,"euonymus.japonicus.gp","euonymus.japonicus","euonymus","",""
"743","RW","STREET.BUILD","RW.STREET.BUILD",2,"hawthorn","crataegus.sp","crataegus","",""
"744","RW","STREET.BUILD","RW.STREET.BUILD",1,"japanese.holly","ilex.crenata","ilex","",""
"745","RW","STREET.BUILD","RW.STREET.BUILD",1,"japanese.maple","acer.palmatum","acer","",""
"746","RW","STREET.BUILD","RW.STREET.BUILD",12,"laurustinus","viburnum.tinus","viburnum","",""
"747","RW","STREET.BUILD","RW.STREET.BUILD",5,"oregon.grape","mahonia.sp","mahonia","",""
"748","RW","STREET.BUILD","RW.STREET.BUILD",25,"salal","gaultheria.shallon","gaultheria","",""
"749","RW","STREET.BUILD","RW.STREET.BUILD",1,"unknown.gpC","unknown.gpC","unknown","photo 2:43--same as in BUILD","?7; alternate leaves with small leaflet at base, margins smooth"
"750","RW","STREET.BUILD","RW.STREET.BUILD",1,"unknown.gpF","unknown.gpF","unknown","one is not laureltinus. Others are. Photo at 2:44","?5; alternate leaves, fuzzy stems, smooth margins, flowers in clusters and pink; photo 9:23"
"751","RW","STREET.BUILD","RW.STREET.BUILD",1,"unknown.gpG","unknown.gpG","unknown","photo 2:48",""
"752","RW","STREET.ENTR","RW.STREET.ENTR",12,"japanese.holly","ilex.crenata","ilex","","says few shrubs--what are they."
"753","RW","STREET.ENTR","RW.STREET.ENTR",4,"ornamental.conifer","ornamental.conifer","ornamental","",""
"754","RW","STREET.ENTR","RW.STREET.ENTR",1,"rhododendron","rhododendron.sp","rhododendron","",""
"755","VV","BUILD","VV.BUILD",2,"arborvitae","thuja.occidentalis","thuja","",""
"756","VV","BUILD","VV.BUILD",33,"boxwood","buxus.sp","buxus","good id.",""
"757","VV","BUILD","VV.BUILD",4,"cherry.laurel","prunus.laurocerasus","prunus","","check photinia"
"758","VV","BUILD","VV.BUILD",2,"heavenly.bamboo","nandina.domestica","nandina","",""
"759","VV","BUILD","VV.BUILD",1,"japanese.maple","acer.palmatum","acer","",""
"760","VV","BUILD","VV.BUILD",2,"lavender","lavandula.sp","lavandula","",""
"761","VV","BUILD","VV.BUILD",1,"lilac","syringa.vulgaris","syringa","",""
"762","VV","BUILD","VV.BUILD",4,"oregon.grape","mahonia.sp","mahonia","","underlined"
"763","VV","BUILD","VV.BUILD",1,"ornamental.conifer","ornamental.conifer","ornamental","","chamaecyparis obtusa"
"764","VV","BUILD","VV.BUILD",9,"rhododendron","rhododendron.sp","rhododendron","","underlined"
"765","VV","BUILD","VV.BUILD",1,"rosemary","rosmarinus.officinalis","rosmarinus","",""
"766","VV","BUILD","VV.BUILD",0,"strawberry.tree","arbutus.unedo","arbutus","",""
"767","VV","BUILD","VV.BUILD",32,"zabel.laurel","prunus.laurocerasus.zabeliana","prunus","",""
"768","VV","BUILD.ENTR","VV.BUILD.ENTR",2,"barberry","berberis.thunbergii","berberis","also planters",""
"769","VV","BUILD.ENTR","VV.BUILD.ENTR",15,"boxwood","buxus.sp","buxus","good id.",""
"770","VV","BUILD.ENTR","VV.BUILD.ENTR",8,"euonymus.japonicus.gp","euonymus.japonicus","euonymus","",""
"771","VV","BUILD.ENTR","VV.BUILD.ENTR",1,"flowering.dogwood.gp","cornus.florida.gp","cornus","tree type",""
"772","VV","BUILD.ENTR","VV.BUILD.ENTR",1,"japanese.maple","acer.palmatum","acer","",""
"773","VV","BUILD.ENTR","VV.BUILD.ENTR",4,"ornamental.conifer","ornamental.conifer","ornamental","Chamaecyparis obtusa",""
"774","VV","BUILD.ENTR","VV.BUILD.ENTR",5,"rhododendron","rhododendron.sp","rhododendron","","underlined"
"775","VV","BUILD.ENTR","VV.BUILD.ENTR",2,"rose.of.sharon","hibiscus.syriacus","hibiscus","","?1; alternate serrated with budding floweres surrounded by needle like leaves; photo 8:59"
"776","VV","PARKING","VV.PARKING",999,"DNE","DNE","","",""
"777","VV","PERIM","VV.PERIM",4,"boxwood","buxus.sp","buxus","good id.",""
"778","VV","PERIM","VV.PERIM",26,"japanese.holly","ilex.crenata","ilex","",""
"779","VV","PERIM","VV.PERIM",9,"rhododendron","rhododendron.sp","rhododendron","",""
"780","VV","PERIM.BUILD","VV.PERIM.BUILD",999,"DNE","DNE","","",""
"781","VV","STREET","VV.STREET",1,"cotoneaster","cotoneaster.sp","cotoneaster","over near scots pine",""
"782","VV","STREET","VV.STREET",5,"oregon.grape","mahonia.sp","mahonia","",""
"783","VV","STREET.BUILD","VV.STREET.BUILD",999,"DNE","DNE","","",""
"784","VV","STREET.ENTR","VV.STREET.ENTR",2,"common.heather","calluna.vulgaris","calluna","",""
"785","VV","STREET.ENTR","VV.STREET.ENTR",0,"japanese.holly","ilex.crenata","ilex","torn out","?2; small alternate leaf curled margin and sall white flowers, seen before pic 852; this mostly got torn out…"
"786","VV","STREET.ENTR","VV.STREET.ENTR",0,"rhododendron","rhododendron.sp","rhododendron","torn out",""
"787","VV","STREET.ENTR","VV.STREET.ENTR",3,"rose","rosa.sp","rosa","",""
"788","VV","STREET.ENTR","VV.STREET.ENTR",3,"tatarian.dogwood","cornus.alba","cornus","",""
"789","VV","STREET.ENTR","VV.STREET.ENTR",1,"unknown.gpS","unknown.gpS","unknown","looks like laurel; at 9:44",""
"790","VV","STREET.ENTR","VV.STREET.ENTR",2,"zabel.laurel","prunus.laurocerasus.zabeliana","prunus","",""
"791","WR","BUILD","WR.BUILD",19,"david.viburnum","viburnum.davidii","viburnum","davids",""
"792","WR","BUILD","WR.BUILD",3,"heavenly.bamboo","nandina.domestica","nandina","",""
"793","WR","BUILD","WR.BUILD",5,"ornamental.conifer","ornamental.conifer","ornamental","","yew and pine"
"794","WR","BUILD","WR.BUILD",18,"rhododendron","rhododendron.sp","rhododendron","",""
"795","WR","BUILD","WR.BUILD",31,"zabel.laurel","prunus.laurocerasus.zabeliana","prunus","","likely otto luyken"
"796","WR","BUILD.ENTR","WR.BUILD.ENTR",5,"euonymus.japonicus.gp","euonymus.japonicus","euonymus","","?1; opposite leaves, glossy all green or varigated yellow leaves; 11:22 photo"
"797","WR","PARKING","WR.PARKING",999,"DNE","DNE","","",""
"798","WR","PERIM","WR.PERIM",999,"ferns","ferns","ferns","",""
"799","WR","PERIM","WR.PERIM",3,"hazelnut","corylus.sp","corylus","",""
"800","WR","PERIM","WR.PERIM",3,"himalayan.blackberry","rubus.armeniacus","rubus","",""
"801","WR","PERIM","WR.PERIM",17,"indian.plum","oemleria.cerasiformis","oemleria","",""
"802","WR","PERIM","WR.PERIM",25,"salmonberry","rubus.spectabilis","rubus","",""
"803","WR","PERIM","WR.PERIM",5,"vine.maple","acer.circinatum","acer","",""
"804","WR","PERIM.BUILD","WR.PERIM.BUILD",999,"DNE","DNE","","",""
"805","WR","STREET","WR.STREET",999,"DNE","DNE","","",""
"806","WR","STREET.BUILD","WR.STREET.BUILD",999,"DNE","DNE","","",""
"807","WR","STREET.ENTR","WR.STREET.ENTR",5,"david.viburnum","viburnum.davidii","viburnum","",""
"808","WR","STREET.ENTR","WR.STREET.ENTR",7,"dogwood","cornus.sp","cornus","",""
"809","WR","STREET.ENTR","WR.STREET.ENTR",999,"ferns","ferns","ferns","only one",""
"810","WR","STREET.ENTR","WR.STREET.ENTR",2,"heavenly.bamboo","nandina.domestica","nandina","",""
"811","WR","STREET.ENTR","WR.STREET.ENTR",4,"ornamental.conifer","ornamental.conifer","ornamental","",""
"812","WR","STREET.ENTR","WR.STREET.ENTR",1,"rhododendron","rhododendron.sp","rhododendron","",""
