Date,Hour PST,Min Air Temp °F, Avg Air Temp °F, Max Air Temp °F, 2nd Air Temp Avg °F, Dew Point °F, Rel Hum %, Leaf Wet u., Dir &deg;, Speed mph, Gust mph, 8 in. Soil Tmp °F, Tot Prec in, Solar Rad W/m², 
"January 1, 2016","01:00","25.2","25.7","26.4","26.1","20.3","82.8","0.01","N","3.7","8.5","38.8","0.00","  0",
"January 1, 2016","02:00","22.5","23.3","24.5","23.6","19.2","89.0","0.01","N","1.6","3.9","38.7","0.00","  0",
"January 1, 2016","03:00","22.2","22.6","22.9","23.0","19.1","91.3","0.01","N","2.1","4.2","38.7","0.00","  0",
"January 1, 2016","04:00","22.6","22.8","23.0","23.2","19.0","89.9","0.01","N","2.9","4.9","38.7","0.00","  0",
"January 1, 2016","05:00","21.5","22.2","22.8","22.5","18.6","91.1","0.01","N","2.8","4.9","38.6","0.00","  0",
"January 1, 2016","06:00","21.5","21.9","22.3","22.2","18.3","91.1","0.01","N","1.7","4.2","38.6","0.00","  0",
"January 1, 2016","07:00","20.1","20.9","21.8","21.2","17.6","92.8","0.01","N","0.7","4.2","38.6","0.00","  2",
"January 1, 2016","08:00","21.0","21.6","22.5","22.0","18.3","92.5","0.01","N","1.2","4.2","38.5","0.00"," 23",
"January 1, 2016","09:00","24.5","27.0","29.2","27.3","21.6","82.8","0.02","N","2.0","3.5","38.5","0.00","113",
"January 1, 2016","10:00","30.0","33.0","36.1","33.4","24.8","72.2","0.31","N","2.4","4.6","38.4","0.00","220",
"January 1, 2016","11:00","38.0","40.4","42.9","40.6","26.9","58.5","0.29","NW","2.0","4.2","38.4","0.00","320",
"January 1, 2016","12:00","43.9","44.2","44.4","44.3","23.7","44.1","0.00","N","3.9","7.1","38.3","0.00","328",
"January 1, 2016","13:00","44.8","45.2","45.7","45.4","22.9","40.9","0.00","N","3.5","6.0","38.3","0.00","288",
"January 1, 2016","14:00","45.7","45.8","45.8","45.8","22.3","39.1","0.00","N","3.3","5.7","38.3","0.00","207",
"January 1, 2016","15:00","40.1","43.8","45.6","44.1","22.3","42.5","0.00","N","1.9","7.4","38.2","0.00"," 92",
"January 1, 2016","16:00","34.9","36.4","37.4","36.8","23.9","60.0","0.00","NE","1.2","6.7","38.2","0.00","  6",
"January 1, 2016","17:00","29.2","30.4","31.9","30.7","24.3","79.2","0.01","N","0.2","3.1","38.2","0.00","  0",
"January 1, 2016","18:00","27.6","28.0","28.3","28.4","24.2","87.9","0.05","N","1.1","3.9","38.2","0.00","  0",
"January 1, 2016","19:00","26.0","26.6","27.1","27.0","23.3","90.4","0.02","NW","0.4","4.2","38.2","0.00","  0",
"January 1, 2016","20:00","25.4","25.8","26.2","26.1","22.9","92.2","0.01","N","0.4","4.2","38.2","0.00","  0",
"January 1, 2016","21:00","25.2","26.2","26.9","26.5","23.1","91.2","0.01","N","1.8","4.6","38.1","0.00","  0",
"January 1, 2016","22:00","23.9","24.9","25.6","25.2","22.3","94.0","0.01","N","1.0","3.9","38.1","0.00","  0",
"January 1, 2016","23:00","23.9","24.4","24.6","24.8","22.0","94.8","0.01","N","2.2","4.6","38.1","0.00","  0",
"January 1, 2016","24:00","23.5","23.8","24.1","24.2","21.3","94.6","0.01","N","1.8","4.2","38.1","0.00","  0",
"January 2, 2016","01:00","23.1","23.7","24.3","24.1","21.0","93.8","0.01","N","2.0","5.3","38.1","0.00","  0",
"January 2, 2016","02:00","22.3","22.7","22.8","23.0","20.1","95.1","0.01","N","1.9","3.9","38.1","0.00","  0",
"January 2, 2016","03:00","22.2","22.5","22.8","22.8","19.8","94.6","0.01","N","2.5","5.3","38.0","0.00","  0",
"January 2, 2016","04:00","21.5","22.2","22.5","22.6","19.4","94.4","0.01","N","2.2","4.9","38.0","0.00","  0",
"January 2, 2016","05:00","21.4","21.8","22.4","22.1","18.9","94.1","0.01","N","2.1","3.9","38.0","0.00","  0",
"January 2, 2016","06:00","20.9","21.5","21.9","21.8","18.6","94.5","0.01","N","1.9","3.5","38.0","0.00","  0",
"January 2, 2016","07:00","20.0","20.5","21.3","20.8","17.6","94.5","0.01","N","1.0","3.5","38.0","0.00","  1",
"January 2, 2016","08:00","19.6","20.4","22.5","20.7","17.8","95.5","0.01","N","0.3","2.8","37.9","0.00"," 21",
"January 2, 2016","09:00","24.2","26.9","29.4","27.3","22.7","87.1","0.02","N","0.1","2.8","37.9","0.00","110",
"January 2, 2016","10:00","29.8","33.1","36.3","33.5","26.1","75.6","0.39","NW","0.5","3.1","37.9","0.00","229",
"January 2, 2016","11:00","37.4","38.5","40.3","38.9","28.0","65.8","0.88","S","2.3","4.2","37.8","0.00","331",
"January 2, 2016","12:00","40.8","42.1","43.4","42.5","23.7","47.9","0.35","S","2.4","4.9","37.8","0.00","329",
"January 2, 2016","13:00","44.8","45.7","46.6","46.0","21.4","37.7","0.00","SW","1.6","4.2","37.7","0.00","287",
"January 2, 2016","14:00","46.0","46.4","46.8","46.6","19.4","33.8","0.00","S","2.2","6.4","37.7","0.00","208",
"January 2, 2016","15:00","39.8","43.5","45.9","43.9","20.3","39.6","0.00","SE","1.0","5.7","37.7","0.00"," 94",
"January 2, 2016","16:00","31.9","34.4","36.5","34.8","23.2","63.6","0.00","N","1.1","4.6","37.7","0.00","  6",
"January 2, 2016","17:00","30.3","30.5","30.7","30.8","22.7","73.3","0.00","NW","1.1","5.3","37.7","0.00","  0",
"January 2, 2016","18:00","28.9","30.1","31.4","30.5","21.9","72.4","0.00","NE","0.4","4.6","37.7","0.00","  0",
"January 2, 2016","19:00","28.2","28.9","29.6","29.2","21.7","76.1","0.01","N","2.0","4.9","37.6","0.00","  0",
"January 2, 2016","20:00","25.2","26.4","27.8","26.7","20.8","82.3","0.01","N","0.5","3.9","37.6","0.00","  0",
"January 2, 2016","21:00","26.3","31.4","35.6","31.8","17.1","58.2","0.01","E","3.2","11.4","37.6","0.00","  0",
"January 2, 2016","22:00","29.4","33.3","36.6","33.7","16.1","50.4","0.00","NE","4.2","10.7","37.6","0.00","  0",
"January 2, 2016","23:00","25.8","26.9","28.0","27.3","18.5","72.6","0.00","N","2.8","6.4","37.6","0.00","  0",
"January 2, 2016","24:00","24.5","25.3","25.8","25.6","18.5","78.4","0.01","N","1.3","4.9","37.6","0.00","  0",
"January 3, 2016","01:00","22.7","23.5","24.1","23.8","17.7","82.6","0.01","N","0.1","4.2","37.6","0.00","  0",
"January 3, 2016","02:00","22.0","22.9","24.1","23.3","17.7","84.9","0.01","NE","1.3","4.6","37.6","0.00","  0",
"January 3, 2016","03:00","20.7","21.2","21.7","21.5","17.2","89.9","0.01","NW","0.3","3.5","37.6","0.00","  0",
"January 3, 2016","04:00","22.4","22.9","23.6","23.3","17.5","84.2","0.01","N","2.3","4.6","37.6","0.00","  0",
"January 3, 2016","05:00","20.4","20.8","21.3","21.2","16.3","87.9","0.01","NW","1.1","4.9","37.5","0.00","  0",
"January 3, 2016","06:00","20.8","21.1","21.4","21.5","16.3","86.9","0.01","N","2.1","4.9","37.5","0.00","  0",
"January 3, 2016","07:00","20.1","20.4","21.1","20.6","15.9","88.3","0.01","N","2.0","4.9","37.5","0.00","  1",
"January 3, 2016","08:00","20.9","21.5","22.2","21.9","16.8","87.0","0.01","N","2.7","4.6","37.5","0.00"," 17",
"January 3, 2016","09:00","23.4","24.6","26.1","25.0","18.9","82.3","0.02","N","2.8","4.6","37.5","0.00"," 57",
"January 3, 2016","10:00","27.3","28.8","30.3","29.2","21.9","77.0","0.03","N","2.6","4.9","37.4","0.00"," 83",
"January 3, 2016","11:00","31.1","32.1","33.0","32.4","25.1","75.6","0.01","NW","2.2","6.0","37.4","0.00"," 88",
"January 3, 2016","12:00","34.1","35.6","37.5","36.0","27.9","73.5","0.23","E","2.4","6.0","37.4","0.00"," 78",
"January 3, 2016","13:00","34.9","35.3","36.2","35.7","32.0","87.6","0.92","NE","3.9","8.5","37.3","0.00"," 43",
"January 3, 2016","14:00","33.9","34.1","34.3","34.5","32.7","94.4","0.90","N","3.1","6.0","37.3","0.01"," 58",
"January 3, 2016","15:00","34.2","34.3","34.4","34.6","33.3","96.1","0.88","NW","2.5","4.9","37.3","0.00"," 33",
"January 3, 2016","16:00","34.0","34.1","34.1","34.4","33.2","96.7","0.87","NW","3.2","5.3","37.3","0.00","  3",
"January 3, 2016","17:00","33.9","34.1","34.3","34.5","32.9","95.4","0.88","NW","2.7","8.2","37.3","0.00","  0",
"January 3, 2016","18:00","33.9","33.9","34.0","34.3","32.9","96.0","0.89","N","2.2","4.9","37.2","0.00","  0",
"January 3, 2016","19:00","33.7","33.8","33.9","34.2","32.8","96.2","0.88","N","1.3","4.6","37.2","0.00","  0",
"January 3, 2016","20:00","33.3","33.5","33.7","33.9","32.7","96.8","0.88","NE","0.2","2.8","37.2","0.00","  0",
"January 3, 2016","21:00","32.8","33.0","33.1","33.3","32.6","98.4","0.88","SE","0.1","3.1","37.2","0.00","  0",
"January 3, 2016","22:00","32.9","33.0","33.4","33.4","32.8","99.0","0.90","N","0.6","3.5","37.2","0.00","  0",
"January 3, 2016","23:00","33.5","33.5","33.6","33.9","33.2","98.8","0.90","N","0.8","4.9","37.2","0.00","  0",
"January 3, 2016","24:00","33.7","33.8","34.0","34.2","33.5","98.7","0.89","N","2.6","4.9","37.2","0.00","  0",
"January 4, 2016","01:00","33.9","34.2","34.5","34.6","33.7","98.0","0.88","N","2.6","4.6","37.1","0.01","  0",
"January 4, 2016","02:00","34.0","34.3","34.5","34.6","33.8","98.0","0.84","NW","1.4","4.2","37.1","0.01","  0",
"January 4, 2016","03:00","33.9","34.0","34.1","34.3","33.8","99.1","0.81","NW","0.6","4.2","37.1","0.01","  0",
"January 4, 2016","04:00","33.9","34.0","34.1","34.3","33.8","99.3","0.75","N","1.6","4.6","37.1","0.01","  0",
"January 4, 2016","05:00","33.6","33.8","34.1","34.2","33.6","99.2","0.75","NW","0.9","3.9","37.1","0.01","  0",
"January 4, 2016","06:00","33.4","33.6","33.7","33.9","33.4","99.3","0.72","N","1.1","4.2","37.1","0.00","  0",
"January 4, 2016","07:00","33.6","33.8","34.0","34.2","33.6","99.1","0.72","N","1.8","4.9","37.1","0.00","  1",
"January 4, 2016","08:00","34.0","34.2","34.6","34.5","34.0","99.0","0.74","N","0.2","3.9","37.1","0.01","  9",
"January 4, 2016","09:00","35.0","35.1","35.3","35.5","34.6","98.0","0.74","NW","1.7","4.9","37.1","0.00"," 34",
"January 4, 2016","10:00","35.5","35.8","36.0","36.1","35.0","96.9","0.73","N","3.5","6.4","37.0","0.00"," 88",
"January 4, 2016","11:00","36.3","36.4","36.5","36.7","35.3","95.7","0.76","N","4.3","6.7","37.0","0.00"," 89",
"January 4, 2016","12:00","36.1","36.1","36.2","36.5","35.4","97.3","0.77","N","4.2","7.1","37.0","0.00"," 50",
"January 4, 2016","13:00","36.2","36.3","36.6","36.7","35.8","97.7","0.76","NW","3.5","6.0","37.0","0.00"," 55",
"January 4, 2016","14:00","36.7","36.8","36.9","37.1","36.2","97.5","0.77","N","3.5","7.1","37.0","0.00"," 49",
"January 4, 2016","15:00","36.4","36.5","36.6","36.9","35.7","96.7","0.74","NW","4.2","6.7","37.0","0.00"," 40",
"January 4, 2016","16:00","36.1","36.3","36.4","36.7","35.3","96.1","0.74","NW","3.9","6.7","37.0","0.00","  4",
"January 4, 2016","17:00","36.1","36.1","36.2","36.5","35.2","96.3","0.75","NW","3.6","6.4","37.0","0.00","  0",
"January 4, 2016","18:00","36.1","36.1","36.1","36.5","35.2","96.5","0.75","NW","3.9","6.4","37.0","0.00","  0",
"January 4, 2016","19:00","36.0","36.1","36.1","36.5","35.2","96.4","0.73","N","2.5","4.9","37.0","0.00","  0",
"January 4, 2016","20:00","36.0","36.0","36.0","36.3","35.2","97.0","0.71","NW","2.7","5.3","37.0","0.00","  0",
"January 4, 2016","21:00","36.0","36.1","36.2","36.5","35.3","96.8","0.75","NW","3.3","5.7","37.0","0.00","  0",
"January 4, 2016","22:00","36.0","36.1","36.1","36.4","35.2","96.7","0.81","NW","3.8","7.8","37.0","0.01","  0",
"January 4, 2016","23:00","36.0","36.2","36.2","36.5","35.2","96.4","0.79","N","3.9","7.4","37.0","0.00","  0",
"January 4, 2016","24:00","35.5","35.7","35.9","36.0","34.8","96.7","0.76","NW","1.9","6.7","37.0","0.00","  0",
"January 5, 2016","01:00","35.1","35.3","35.5","35.6","34.8","98.1","0.76","N","0.4","3.9","37.0","0.00","  0",
"January 5, 2016","02:00","35.3","35.5","35.8","35.9","35.2","98.5","0.76","N","1.4","3.9","37.1","0.00","  0",
"January 5, 2016","03:00","35.8","35.9","35.9","36.2","35.4","98.3","0.77","N","1.0","3.9","37.1","0.00","  0",
"January 5, 2016","04:00","35.2","35.4","35.8","35.8","35.1","98.7","0.77","N","1.1","4.2","37.1","0.00","  0",
"January 5, 2016","05:00","35.8","35.9","36.0","36.3","35.4","98.0","0.77","N","1.7","4.9","37.1","0.00","  0",
"January 5, 2016","06:00","35.7","35.8","36.0","36.2","35.3","97.9","0.77","NE","0.2","3.1","37.1","0.00","  0",
"January 5, 2016","07:00","35.7","35.9","36.0","36.3","35.4","97.9","0.81","N","3.2","7.1","37.1","0.00","  1",
"January 5, 2016","08:00","36.0","36.2","36.6","36.6","35.5","97.3","0.79","NW","2.5","5.7","37.2","0.01"," 13",
"January 5, 2016","09:00","36.8","37.0","37.3","37.4","36.3","97.2","0.75","N","1.0","4.2","37.2","0.01"," 32",
"January 5, 2016","10:00","37.6","37.7","37.9","38.0","37.0","97.1","0.71","NW","1.9","4.9","37.2","0.00"," 43",
"January 5, 2016","11:00","38.3","38.5","38.8","38.9","37.9","97.4","0.72","SW","0.1","3.9","37.2","0.01"," 39",
"January 5, 2016","12:00","39.0","39.3","39.6","39.6","38.7","97.5","0.72","NE","0.0","1.7","37.2","0.01"," 41",
"January 5, 2016","13:00","39.8","39.9","40.0","40.2","39.2","97.4","0.74","SE","0.1","3.1","37.3","0.00"," 40",
"January 5, 2016","14:00","40.1","40.4","40.8","40.7","39.8","97.5","0.71","N","0.0","0.0","37.3","0.02"," 44",
"January 5, 2016","15:00","40.5","40.6","40.7","40.9","40.3","98.8","0.69","N","0.0","0.0","37.4","0.01"," 13",
"January 5, 2016","16:00","39.3","39.9","40.5","40.2","39.7","99.3","0.67","SW","0.0","1.4","37.4","0.01","  2",
"January 5, 2016","17:00","38.6","39.0","39.5","39.3","38.8","99.3","0.66","N","0.0","0.0","37.5","0.01","  0",
"January 5, 2016","18:00","38.1","38.5","38.8","38.8","38.3","99.3","0.65","NE","0.0","1.4","37.5","0.00","  0",
"January 5, 2016","19:00","38.1","38.4","38.6","38.7","38.2","99.3","0.66","SW","0.0","1.7","37.6","0.00","  0",
"January 5, 2016","20:00","38.4","38.6","39.0","39.0","38.5","99.3","0.68","SE","0.1","2.8","37.6","0.00","  0",
"January 5, 2016","21:00","38.5","38.8","39.1","39.1","38.6","99.3","0.67","NE","0.3","3.5","37.7","0.00","  0",
"January 5, 2016","22:00","37.7","38.1","38.6","38.4","37.9","99.3","0.67","NE","0.6","3.5","37.7","0.00","  0",
"January 5, 2016","23:00","36.2","36.5","36.9","36.9","36.4","99.3","0.67","NE","0.6","3.5","37.8","0.00","  0",
"January 5, 2016","24:00","33.2","33.9","34.7","34.3","33.8","99.3","0.67","NE","0.8","4.2","37.9","0.00","  0",
"January 6, 2016","01:00","31.8","32.1","32.4","32.5","31.9","99.3","0.62","E","1.0","3.5","37.9","0.01","  0",
"January 6, 2016","02:00","31.5","31.9","32.3","32.2","31.6","99.3","0.05","N","0.6","4.2","38.0","0.00","  0",
"January 6, 2016","03:00","32.5","33.0","33.3","33.4","32.8","99.3","0.25","N","1.7","6.0","38.0","0.00","  0",
"January 6, 2016","04:00","32.9","33.5","33.9","33.8","33.3","99.3","0.73","N","1.3","4.2","38.0","0.00","  0",
"January 6, 2016","05:00","32.2","32.8","33.3","33.2","32.7","99.3","0.75","E","0.1","3.5","38.1","0.00","  0",
"January 6, 2016","06:00","30.7","31.3","31.8","31.6","30.9","99.3","0.28","N","0.1","2.8","38.1","0.00","  0",
"January 6, 2016","07:00","29.6","30.0","30.7","30.4","29.5","99.3","0.01","NE","0.3","3.5","38.1","0.00","  1",
"January 6, 2016","08:00","30.8","31.3","31.7","31.6","30.9","99.3","0.03","N","0.3","3.9","38.1","0.00"," 34",
"January 6, 2016","09:00","32.7","35.6","38.0","35.9","35.4","99.3","0.61","E","0.0","2.1","38.1","0.00","146",
"January 6, 2016","10:00","38.4","40.4","42.2","40.7","40.1","99.0","0.81","NE","0.2","3.1","38.1","0.00","185",
"January 6, 2016","11:00","44.1","47.2","49.6","47.8","43.0","85.6","0.78","NW","0.8","5.3","38.1","0.00","266",
"January 6, 2016","12:00","50.7","52.0","53.3","52.1","40.3","64.3","0.16","N","3.7","5.7","38.1","0.00","332",
"January 6, 2016","13:00","54.0","54.7","55.4","54.9","41.4","60.8","0.00","NW","2.4","4.9","38.1","0.00","261",
"January 6, 2016","14:00","54.6","55.3","55.7","55.4","40.8","57.9","0.00","NW","3.9","6.7","38.1","0.00","203",
"January 6, 2016","15:00","49.8","52.1","53.7","52.3","40.1","63.5","0.00","N","4.0","7.1","38.2","0.00"," 87",
"January 6, 2016","16:00","42.5","44.8","48.0","45.1","39.6","82.2","0.01","N","2.0","6.0","38.3","0.00","  8",
"January 6, 2016","17:00","37.4","39.0","40.4","39.3","37.6","94.9","0.16","NE","0.3","2.8","38.4","0.00","  0",
"January 6, 2016","18:00","36.3","36.5","36.9","36.8","36.1","98.6","0.51","N","1.0","3.5","38.6","0.00","  0",
"January 6, 2016","19:00","36.6","36.8","37.5","37.2","36.2","97.7","0.73","N","3.3","6.0","38.7","0.00","  0",
"January 6, 2016","20:00","33.8","35.3","36.3","35.7","34.6","97.5","0.79","N","2.5","6.0","38.7","0.00","  0",
"January 6, 2016","21:00","32.9","33.5","34.0","33.8","33.2","99.0","0.82","N","1.5","3.5","38.8","0.00","  0",
"January 6, 2016","22:00","32.6","33.0","33.7","33.3","32.8","99.2","0.85","N","2.2","4.2","38.8","0.00","  0",
"January 6, 2016","23:00","30.4","31.6","32.1","31.9","31.2","99.3","0.52","NE","0.6","3.9","38.8","0.00","  0",
"January 6, 2016","24:00","29.1","29.4","29.7","29.7","28.8","99.3","0.02","W","0.1","2.8","38.8","0.00","  0",
"January 7, 2016","01:00","28.2","28.4","28.7","28.8","27.6","99.3","0.01","E","0.2","2.4","38.8","0.00","  0",
"January 7, 2016","02:00","28.4","28.6","28.7","28.9","27.8","99.3","0.02","N","0.0","0.0","38.8","0.00","  0",
"January 7, 2016","03:00","29.2","29.8","30.2","30.1","29.2","99.3","0.05","W","0.0","1.4","38.7","0.00","  0",
"January 7, 2016","04:00","30.5","30.6","30.8","30.9","30.1","99.3","0.08","E","0.0","2.4","38.7","0.00","  0",
"January 7, 2016","05:00","31.1","31.2","31.3","31.5","30.8","99.3","0.15","E","0.1","2.8","38.6","0.00","  0",
"January 7, 2016","06:00","31.3","31.4","31.5","31.7","31.0","99.3","0.13","N","0.0","0.0","38.6","0.00","  0",
"January 7, 2016","07:00","31.5","31.6","31.8","31.9","31.3","99.3","0.23","N","0.0","0.0","38.6","0.00","  1",
"January 7, 2016","08:00","32.0","32.1","32.2","32.4","31.9","99.3","0.59","N","0.0","0.0","38.5","0.00"," 12",
"January 7, 2016","09:00","32.4","33.0","33.5","33.3","32.8","99.3","0.87","N","0.0","0.0","38.5","0.00"," 43",
"January 7, 2016","10:00","34.1","34.9","35.9","35.2","34.8","99.3","0.85","N","0.0","0.0","38.5","0.00"," 79",
"January 7, 2016","11:00","36.4","37.3","38.2","37.6","37.1","99.3","0.86","SW","0.0","1.7","38.4","0.00","101",
"January 7, 2016","12:00","38.6","39.3","40.0","39.7","38.7","97.6","0.87","SW","0.0","1.4","38.4","0.00","123",
"January 7, 2016","13:00","40.4","41.1","41.5","41.7","39.4","93.9","0.81","SE","0.3","2.4","38.4","0.00","112",
"January 7, 2016","14:00","41.6","41.7","41.8","42.2","39.6","92.0","0.70","S","0.5","2.8","38.5","0.00"," 66",
"January 7, 2016","15:00","41.1","41.2","41.6","41.6","39.3","92.8","0.60","N","0.0","0.0","38.5","0.00"," 25",
"January 7, 2016","16:00","39.9","40.6","41.2","40.8","39.0","93.9","0.50","S","0.1","2.4","38.6","0.00","  3",
"January 7, 2016","17:00","38.8","39.1","39.6","39.4","38.5","97.5","0.59","N","0.0","0.0","38.6","0.00","  0",
"January 7, 2016","18:00","38.2","38.4","38.5","38.7","38.2","99.1","0.67","N","0.0","0.0","38.7","0.00","  0",
"January 7, 2016","19:00","37.7","38.0","38.2","38.3","37.8","99.2","0.70","N","0.0","0.0","38.8","0.00","  0",
"January 7, 2016","20:00","37.1","37.4","37.7","37.7","37.2","99.1","0.73","NW","0.0","1.7","38.8","0.00","  0",
"January 7, 2016","21:00","36.7","36.9","37.2","37.2","36.7","99.0","0.75","NE","0.0","2.4","38.9","0.00","  0",
"January 7, 2016","22:00","36.0","36.3","36.5","36.6","36.1","99.3","0.77","N","0.1","2.1","38.9","0.00","  0",
"January 7, 2016","23:00","35.5","36.0","36.2","36.3","35.8","99.3","0.79","NE","0.2","3.1","39.0","0.00","  0",
"January 7, 2016","24:00","35.6","35.8","36.2","36.1","35.6","99.3","0.81","N","0.0","0.0","39.0","0.00","  0",
"January 8, 2016","01:00","35.7","36.0","36.3","36.3","35.8","99.3","0.82","NE","0.1","2.1","39.0","0.00","  0",
"January 8, 2016","02:00","35.7","36.1","36.4","36.5","36.0","99.3","0.82","N","0.0","0.0","39.1","0.00","  0",
"January 8, 2016","03:00","35.5","35.6","35.9","35.9","35.4","99.3","0.83","N","0.0","0.0","39.1","0.00","  0",
"January 8, 2016","04:00","35.4","35.8","36.1","36.1","35.6","99.3","0.84","NE","0.1","2.1","39.1","0.00","  0",
"January 8, 2016","05:00","35.5","35.7","36.0","36.0","35.5","99.3","0.84","NE","0.3","2.4","39.1","0.00","  0",
"January 8, 2016","06:00","35.1","35.3","35.6","35.7","35.2","99.3","0.85","N","0.0","0.0","39.1","0.00","  0",
"January 8, 2016","07:00","35.1","35.2","35.5","35.6","35.1","99.3","0.86","E","0.1","2.8","39.1","0.00","  1",
"January 8, 2016","08:00","35.0","35.6","36.3","35.9","35.4","99.3","0.87","N","0.0","0.0","39.2","0.00"," 31",
"January 8, 2016","09:00","37.1","37.9","38.6","38.2","37.7","99.3","0.87","S","0.3","3.5","39.2","0.00"," 52",
"January 8, 2016","10:00","39.2","39.6","40.0","40.0","39.1","97.9","0.82","SE","0.8","3.9","39.2","0.00"," 95",
"January 8, 2016","11:00","40.1","40.9","41.8","41.3","39.5","95.0","0.55","E","1.4","4.2","39.2","0.00","163",
"January 8, 2016","12:00","41.8","42.9","44.1","43.2","40.1","89.8","0.06","N","1.0","4.9","39.2","0.00","223",
"January 8, 2016","13:00","45.6","46.7","48.1","47.0","40.6","79.4","0.00","S","1.0","3.9","39.2","0.00","284",
"January 8, 2016","14:00","48.3","48.8","49.5","49.1","40.3","72.3","0.00","S","0.4","4.2","39.3","0.00","209",
"January 8, 2016","15:00","44.3","48.1","50.6","48.4","40.1","74.0","0.00","N","0.0","0.0","39.3","0.00","100",
"January 8, 2016","16:00","38.3","40.1","41.6","40.4","38.4","93.8","0.08","N","0.0","0.0","39.4","0.00","  6",
"January 8, 2016","17:00","35.6","36.4","37.6","36.6","36.1","98.8","0.47","N","0.0","0.0","39.5","0.00","  0",
"January 8, 2016","18:00","33.7","33.9","34.2","34.2","33.7","99.3","0.73","N","0.0","0.0","39.6","0.00","  0",
"January 8, 2016","19:00","31.4","32.3","32.8","32.6","32.1","99.3","0.59","N","0.0","0.0","39.6","0.00","  0",
"January 8, 2016","20:00","31.7","31.9","32.2","32.3","31.7","99.3","0.06","N","0.1","2.4","39.7","0.00","  0",
"January 8, 2016","21:00","31.2","31.6","32.4","32.0","31.3","99.3","0.07","N","1.1","4.2","39.7","0.00","  0",
"January 8, 2016","22:00","29.5","30.2","31.6","30.6","29.7","99.3","0.03","N","0.1","2.1","39.6","0.00","  0",
"January 8, 2016","23:00","28.5","29.0","29.1","29.4","28.2","99.3","0.02","NE","0.1","2.4","39.6","0.00","  0",
"January 8, 2016","24:00","28.8","29.4","30.0","29.8","28.8","99.3","0.02","NE","0.2","2.8","39.5","0.00","  0",
"January 9, 2016","01:00","28.2","29.1","30.6","29.4","28.4","99.3","0.02","NE","0.6","3.5","39.5","0.00","  0",
"January 9, 2016","02:00","27.3","27.6","28.0","28.0","26.7","99.3","0.01","NW","0.1","2.4","39.4","0.00","  0",
"January 9, 2016","03:00","27.6","28.2","28.5","28.6","27.4","99.3","0.02","N","0.8","3.9","39.3","0.00","  0",
"January 9, 2016","04:00","27.7","28.5","29.2","28.8","27.7","99.3","0.02","NE","1.0","3.9","39.2","0.00","  0",
"January 9, 2016","05:00","25.9","26.9","28.8","27.3","25.9","99.2","0.01","NE","0.2","3.1","39.2","0.00","  0",
"January 9, 2016","06:00","25.3","25.7","26.0","26.1","24.5","99.3","0.01","N","0.0","0.0","39.1","0.00","  0",
"January 9, 2016","07:00","25.3","25.5","25.8","25.9","24.3","99.3","0.01","N","0.0","0.0","39.0","0.00","  1",
"January 9, 2016","08:00","25.8","26.8","28.1","27.2","25.8","99.3","0.02","NW","0.1","3.1","38.9","0.00"," 19",
"January 9, 2016","09:00","29.6","30.6","31.4","30.9","30.1","99.3","0.50","S","0.3","2.4","38.8","0.00"," 61",
"January 9, 2016","10:00","31.7","32.5","33.3","32.7","32.3","99.3","0.88","SE","0.7","3.1","38.7","0.00","172",
"January 9, 2016","11:00","34.4","35.8","36.7","36.1","35.7","99.3","0.84","S","1.0","3.1","38.7","0.00","266",
"January 9, 2016","12:00","36.6","36.7","36.9","37.0","36.5","99.3","0.84","S","0.3","2.8","38.6","0.00","103",
"January 9, 2016","13:00","37.1","39.8","43.2","40.4","38.8","96.2","0.84","NW","0.2","3.1","38.5","0.00","243",
"January 9, 2016","14:00","45.5","47.1","48.3","47.5","39.6","75.1","0.42","SW","0.0","1.4","38.4","0.00","238",
"January 9, 2016","15:00","43.4","46.2","47.7","46.4","38.7","75.3","0.01","SW","0.2","2.1","38.4","0.00","123",
"January 9, 2016","16:00","35.3","37.2","39.2","37.4","35.6","93.9","0.05","E","0.4","2.1","38.4","0.00","  7",
"January 9, 2016","17:00","32.6","33.5","34.6","33.7","33.1","98.7","0.32","NE","0.6","2.4","38.3","0.00","  0",
"January 9, 2016","18:00","31.7","32.1","32.5","32.4","31.9","99.3","0.58","NW","0.1","2.1","38.3","0.00","  0",
"January 9, 2016","19:00","32.8","33.2","33.6","33.5","33.0","99.3","0.70","W","0.1","2.1","38.3","0.00","  0",
"January 9, 2016","20:00","33.5","34.2","34.8","34.5","34.0","99.3","0.72","NE","0.1","2.8","38.3","0.00","  0",
"January 9, 2016","21:00","34.6","34.7","34.9","35.0","34.5","99.3","0.72","N","0.0","0.0","38.3","0.00","  0",
"January 9, 2016","22:00","35.0","35.2","35.6","35.5","35.0","99.3","0.71","SW","0.0","2.1","38.3","0.00","  0",
"January 9, 2016","23:00","35.4","35.4","35.5","35.8","35.2","99.0","0.71","N","0.2","2.4","38.3","0.00","  0",
"January 9, 2016","24:00","35.8","36.1","36.5","36.4","35.5","97.7","0.70","NE","0.4","3.5","38.3","0.00","  0",
"January 10, 2016","01:00","36.1","36.3","36.4","36.6","35.7","97.6","0.67","NE","0.7","2.8","38.3","0.00","  0",
"January 10, 2016","02:00","36.2","36.5","36.9","36.8","35.7","97.1","0.63","NE","0.4","2.4","38.3","0.00","  0",
"January 10, 2016","03:00","35.2","35.8","36.2","36.1","35.3","98.1","0.61","NE","0.2","2.4","38.4","0.00","  0",
"January 10, 2016","04:00","34.3","34.6","34.9","34.9","34.3","99.0","0.65","NW","0.2","2.4","38.4","0.00","  0",
"January 10, 2016","05:00","34.7","34.8","34.9","35.1","34.7","99.3","0.67","E","0.0","1.7","38.4","0.00","  0",
"January 10, 2016","06:00","31.6","32.9","34.2","33.2","32.5","98.9","0.72","N","1.5","3.9","38.4","0.00","  0",
"January 10, 2016","07:00","30.2","30.4","30.6","30.7","29.9","99.3","0.04","N","1.1","3.5","38.5","0.00","  2",
"January 10, 2016","08:00","29.9","30.7","31.6","31.1","30.0","98.7","0.04","N","1.3","3.5","38.5","0.00"," 24",
"January 10, 2016","09:00","32.7","35.4","38.2","35.8","32.6","89.8","0.61","NW","0.3","3.1","38.5","0.00","127",
"January 10, 2016","10:00","39.1","42.1","44.6","42.5","34.1","73.4","0.77","W","0.6","4.9","38.5","0.00","234",
"January 10, 2016","11:00","45.3","47.3","48.7","47.6","33.4","58.4","0.02","W","2.3","5.3","38.5","0.00","329",
"January 10, 2016","12:00","49.3","49.8","50.3","50.1","33.1","52.5","0.00","S","2.4","5.3","38.5","0.00","340",
"January 10, 2016","13:00","51.2","51.8","52.2","52.2","32.0","46.6","0.00","S","1.6","4.6","38.5","0.00","303",
"January 10, 2016","14:00","52.4","52.9","53.3","53.2","31.9","44.6","0.00","SW","1.4","3.5","38.5","0.00","224",
"January 10, 2016","15:00","47.7","50.1","52.3","50.4","31.1","47.7","0.00","S","2.7","7.8","38.6","0.00","117",
"January 10, 2016","16:00","39.1","41.9","43.6","42.2","30.6","64.2","0.00","S","0.1","2.4","38.6","0.00","  8",
"January 10, 2016","17:00","34.4","35.5","36.4","35.8","31.3","84.5","0.03","N","0.0","0.0","38.7","0.00","  0",
"January 10, 2016","18:00","31.0","32.0","33.4","32.2","29.8","92.0","0.14","N","0.0","0.0","38.8","0.00","  0",
"January 10, 2016","19:00","29.7","30.4","31.1","30.6","28.6","94.4","0.44","E","0.0","3.1","38.9","0.00","  0",
"January 10, 2016","20:00","29.8","30.1","30.7","30.5","27.0","89.7","0.15","N","0.9","6.0","38.9","0.00","  0",
"January 10, 2016","21:00","28.6","29.2","29.8","29.4","26.5","91.7","0.01","N","1.1","3.5","38.9","0.00","  0",
"January 10, 2016","22:00","27.7","28.7","29.8","29.1","26.2","92.5","0.01","N","1.2","4.2","38.9","0.00","  0",
"January 10, 2016","23:00","26.7","27.7","29.0","28.0","25.5","93.9","0.01","N","1.3","3.9","38.9","0.00","  0",
"January 10, 2016","24:00","25.9","26.3","26.6","26.5","24.7","97.3","0.01","S","0.5","3.5","38.8","0.00","  0",
"January 11, 2016","01:00","25.4","25.7","26.2","26.0","24.2","98.0","0.01","N","0.7","3.1","38.8","0.00","  0",
"January 11, 2016","02:00","25.2","25.4","25.7","25.7","23.9","98.2","0.01","NE","0.7","2.8","38.7","0.00","  0",
"January 11, 2016","03:00","24.2","25.3","26.0","25.6","23.6","97.4","0.01","N","1.2","3.5","38.7","0.00","  0",
"January 11, 2016","04:00","25.0","25.8","26.5","26.2","23.9","96.0","0.01","N","0.9","3.5","38.6","0.00","  0",
"January 11, 2016","05:00","24.5","24.8","25.2","25.2","23.1","97.3","0.01","N","0.8","3.1","38.5","0.00","  0",
"January 11, 2016","06:00","24.2","24.6","25.1","25.0","22.8","97.3","0.01","E","0.9","3.5","38.5","0.00","  0",
"January 11, 2016","07:00","25.4","25.9","26.7","26.3","24.3","97.4","0.01","S","0.2","2.8","38.4","0.00","  1",
"January 11, 2016","08:00","26.9","28.2","29.5","28.5","26.9","97.4","0.06","S","0.1","2.4","38.3","0.00"," 15",
"January 11, 2016","09:00","30.1","31.0","32.0","31.4","29.6","95.4","0.53","NE","0.9","4.2","38.2","0.00"," 35",
"January 11, 2016","10:00","32.5","32.9","33.8","33.2","31.9","95.9","0.84","N","0.5","2.8","38.2","0.01"," 47",
"January 11, 2016","11:00","34.4","35.0","35.3","35.3","34.1","96.6","0.79","NE","0.2","2.4","38.1","0.04"," 46",
"January 11, 2016","12:00","35.6","36.4","37.0","36.8","35.9","98.0","0.75","E","0.7","3.1","38.1","0.02"," 78",
"January 11, 2016","13:00","38.0","38.6","39.2","39.0","38.2","98.4","0.74","S","0.3","2.8","38.0","0.00","120",
"January 11, 2016","14:00","39.7","40.2","41.0","40.6","39.7","98.0","0.78","SE","1.4","4.6","37.9","0.01"," 99",
"January 11, 2016","15:00","39.8","41.0","42.8","41.4","40.2","96.9","0.77","SE","1.1","4.2","37.9","0.00"," 57",
"January 11, 2016","16:00","40.3","40.6","41.1","40.9","40.4","99.1","0.79","N","0.8","3.9","37.9","0.03","  5",
"January 11, 2016","17:00","39.6","40.0","40.7","40.3","39.9","99.3","0.74","S","0.3","2.8","37.8","0.01","  0",
"January 11, 2016","18:00","39.8","40.4","40.8","40.7","40.2","99.3","0.74","SE","0.5","3.9","37.8","0.01","  0",
"January 11, 2016","19:00","40.9","41.2","41.6","41.5","41.0","99.2","0.76","NW","0.9","3.5","37.8","0.03","  0",
"January 11, 2016","20:00","41.1","41.3","41.4","41.6","41.1","99.3","0.74","SE","0.8","4.2","37.8","0.00","  0",
"January 11, 2016","21:00","40.4","40.9","41.3","41.3","40.7","99.2","0.74","SE","0.2","2.4","37.8","0.00","  0",
"January 11, 2016","22:00","37.4","38.4","39.7","38.7","38.2","99.3","0.75","E","0.2","2.4","37.9","0.00","  0",
"January 11, 2016","23:00","37.1","37.8","38.3","38.1","37.6","99.3","0.76","N","0.0","0.0","38.0","0.00","  0",
"January 11, 2016","24:00","36.7","37.1","37.8","37.4","36.9","99.3","0.76","E","0.1","3.1","38.0","0.00","  0",
"January 12, 2016","01:00","35.9","36.2","36.5","36.5","36.0","99.3","0.76","N","0.2","3.1","38.1","0.00","  0",
"January 12, 2016","02:00","36.1","36.6","37.0","36.9","36.4","99.3","0.75","NW","0.1","2.4","38.2","0.00","  0",
"January 12, 2016","03:00","37.0","37.6","38.6","37.9","37.4","99.3","0.76","E","0.7","4.9","38.2","0.01","  0",
"January 12, 2016","04:00","38.5","38.7","38.9","39.1","38.6","99.3","0.69","NE","0.4","3.9","38.2","0.01","  0",
"January 12, 2016","05:00","38.4","38.8","39.3","39.2","38.7","99.3","0.70","N","1.1","4.2","38.3","0.00","  0",
"January 12, 2016","06:00","39.7","39.8","39.9","40.1","39.6","99.3","0.71","NE","1.3","3.9","38.3","0.00","  0",
"January 12, 2016","07:00","39.5","39.7","40.0","40.0","39.5","99.3","0.72","E","0.3","3.5","38.4","0.01","  1",
"January 12, 2016","08:00","40.1","40.3","40.4","40.6","40.1","99.3","0.73","SE","0.2","4.2","38.4","0.00"," 11",
"January 12, 2016","09:00","40.8","41.7","42.6","42.0","41.5","99.3","0.74","E","0.0","1.4","38.5","0.01"," 30",
"January 12, 2016","10:00","43.0","43.7","44.5","44.0","43.5","99.3","0.70","E","0.1","4.9","38.6","0.01"," 62",
"January 12, 2016","11:00","45.7","48.1","49.8","48.6","43.5","84.6","0.67","S","2.0","5.7","38.6","0.00","113",
"January 12, 2016","12:00","49.2","49.5","50.1","49.9","41.1","72.7","0.61","S","2.9","8.2","38.7","0.00"," 57",
"January 12, 2016","13:00","46.9","48.4","49.4","48.7","41.3","76.7","0.69","SE","3.8","9.9","38.8","0.04"," 60",
"January 12, 2016","14:00","46.1","46.4","46.7","46.8","42.3","85.4","0.62","SE","4.0","9.9","38.9","0.02"," 49",
"January 12, 2016","15:00","46.1","46.4","46.5","46.7","42.5","86.4","0.61","SE","3.5","9.9","39.0","0.02"," 20",
"January 12, 2016","16:00","45.5","45.9","46.2","46.2","42.7","88.8","0.59","SE","3.3","7.8","39.1","0.06","  3",
"January 12, 2016","17:00","45.0","45.2","45.4","45.6","42.7","90.7","0.57","SE","4.6","11.0","39.2","0.07","  0",
"January 12, 2016","18:00","44.8","44.8","44.9","45.2","42.7","92.2","0.55","SE","3.7","8.2","39.3","0.07","  0",
"January 12, 2016","19:00","45.0","45.2","45.3","45.5","42.7","91.0","0.54","S","3.4","8.5","39.4","0.04","  0",
"January 12, 2016","20:00","45.6","45.7","46.0","46.1","43.1","90.6","0.54","S","4.9","11.0","39.6","0.05","  0",
"January 12, 2016","21:00","45.9","46.1","46.1","46.5","42.5","87.3","0.53","SE","5.2","12.4","39.7","0.01","  0",
"January 12, 2016","22:00","46.8","46.8","46.9","47.2","41.9","82.9","0.54","S","4.9","11.4","39.8","0.01","  0",
"January 12, 2016","23:00","47.1","47.9","48.4","48.3","41.0","76.9","0.42","S","3.7","9.2","39.9","0.00","  0",
"January 12, 2016","24:00","47.2","48.1","48.7","48.4","41.4","77.6","0.10","SE","2.6","6.7","40.0","0.00","  0",
"January 13, 2016","01:00","47.1","49.1","51.6","49.5","43.2","80.1","0.00","S","2.8","8.2","40.1","0.00","  0",
"January 13, 2016","02:00","50.9","51.1","51.4","51.5","43.2","74.2","0.00","S","2.9","8.2","40.2","0.00","  0",
"January 13, 2016","03:00","51.5","52.2","52.7","52.6","45.8","78.6","0.00","S","4.9","9.6","40.3","0.00","  0",
"January 13, 2016","04:00","51.0","51.3","51.6","51.7","46.1","82.4","0.00","S","3.6","9.2","40.3","0.00","  0",
"January 13, 2016","05:00","48.9","49.8","51.0","50.2","47.4","91.3","0.42","S","1.6","9.2","40.4","0.02","  0",
"January 13, 2016","06:00","48.0","48.5","48.7","48.8","47.6","96.8","0.59","N","0.5","3.9","40.5","0.15","  0",
"January 13, 2016","07:00","46.2","46.7","47.5","47.0","46.3","98.2","0.52","N","0.5","3.9","40.7","0.07","  1",
"January 13, 2016","08:00","45.5","45.7","45.9","46.0","45.3","98.5","0.55","NE","0.3","2.8","40.8","0.04","  6",
"January 13, 2016","09:00","45.5","45.8","46.0","46.1","44.6","95.6","0.59","N","1.4","6.7","40.9","0.02"," 21",
"January 13, 2016","10:00","45.4","45.6","45.8","45.9","44.9","97.3","0.65","SE","1.2","3.9","41.0","0.01"," 22",
"January 13, 2016","11:00","44.9","45.3","45.7","45.6","44.7","97.7","0.63","SE","1.2","4.2","41.1","0.01"," 48",
"January 13, 2016","12:00","46.1","46.2","46.5","46.6","44.7","94.5","0.62","S","2.1","6.4","41.2","0.00"," 82",
"January 13, 2016","13:00","45.9","46.0","46.1","46.4","43.4","90.7","0.58","S","3.4","7.1","41.3","0.00","117",
"January 13, 2016","14:00","46.1","46.3","46.4","46.6","43.2","88.8","0.35","S","2.6","5.7","41.3","0.00","123",
"January 13, 2016","15:00","45.5","46.0","46.5","46.3","42.7","88.2","0.09","S","1.5","4.9","41.4","0.00"," 40",
"January 13, 2016","16:00","44.2","44.6","45.0","44.9","42.6","92.5","0.25","E","1.3","4.2","41.5","0.00","  7",
"January 13, 2016","17:00","43.4","43.8","44.0","44.1","42.4","95.0","0.71","NE","1.1","3.9","41.6","0.04","  0",
"January 13, 2016","18:00","42.3","42.6","43.0","42.9","42.3","98.9","0.66","S","1.0","4.9","41.6","0.03","  0",
"January 13, 2016","19:00","42.2","42.3","42.4","42.6","42.1","99.3","0.66","SE","1.2","5.3","41.7","0.01","  0",
"January 13, 2016","20:00","42.5","42.7","42.8","43.0","42.5","99.3","0.69","SE","1.5","5.3","41.8","0.01","  0",
"January 13, 2016","21:00","42.6","42.6","42.7","43.0","42.4","99.3","0.67","S","0.5","3.1","41.8","0.00","  0",
"January 13, 2016","22:00","42.3","42.4","42.4","42.7","42.1","99.0","0.67","SE","0.4","3.1","41.8","0.00","  0",
"January 13, 2016","23:00","39.2","40.6","42.1","40.9","40.4","99.2","0.69","SE","0.0","2.1","41.9","0.00","  0",
"January 13, 2016","24:00","39.1","39.5","39.8","39.8","39.3","99.3","0.70","E","0.1","2.1","41.9","0.00","  0",
"January 14, 2016","01:00","39.9","40.0","40.3","40.4","39.9","99.3","0.69","N","0.0","1.4","41.9","0.00","  0",
"January 14, 2016","02:00","40.4","41.1","41.4","41.4","40.9","99.3","0.70","S","0.9","4.9","41.9","0.00","  0",
"January 14, 2016","03:00","40.9","41.2","41.4","41.6","40.5","97.2","0.69","S","1.6","3.9","41.9","0.00","  0",
"January 14, 2016","04:00","37.8","39.1","40.1","39.4","38.6","98.1","0.70","E","0.1","2.4","41.9","0.00","  0",
"January 14, 2016","05:00","35.2","36.3","36.8","36.6","36.1","99.3","0.70","SE","0.4","3.5","41.9","0.00","  0",
"January 14, 2016","06:00","33.7","34.8","35.9","35.1","34.6","99.3","0.70","SE","0.0","1.4","41.9","0.00","  0",
"January 14, 2016","07:00","32.5","33.3","34.1","33.7","33.2","99.3","0.69","N","0.0","0.0","41.8","0.00","  2",
"January 14, 2016","08:00","32.1","32.6","33.4","32.9","32.5","99.3","0.70","N","0.0","0.0","41.8","0.00"," 30",
"January 14, 2016","09:00","34.3","35.5","37.1","35.8","35.4","99.3","0.71","N","0.0","0.0","41.8","0.00","126",
"January 14, 2016","10:00","38.1","40.5","43.4","41.0","39.8","97.3","0.69","S","0.1","3.1","41.7","0.00","238",
"January 14, 2016","11:00","44.8","46.0","47.3","46.5","40.8","81.8","0.61","S","1.4","6.0","41.6","0.00","322",
"January 14, 2016","12:00","47.6","48.1","48.9","48.4","38.1","68.1","0.13","E","2.9","6.7","41.5","0.00","294",
"January 14, 2016","13:00","47.9","48.4","49.3","48.7","37.6","65.8","0.00","NE","3.1","7.1","41.5","0.00","271",
"January 14, 2016","14:00","49.8","50.2","50.6","50.2","36.7","59.7","0.00","NW","2.6","8.2","41.5","0.00","253",
"January 14, 2016","15:00","44.7","47.5","49.5","47.7","36.8","66.7","0.00","NW","1.3","5.3","41.5","0.00"," 75",
"January 14, 2016","16:00","39.2","40.8","42.7","41.1","38.2","90.4","0.02","N","0.0","0.0","41.5","0.00"," 15",
"January 14, 2016","17:00","36.0","37.2","38.6","37.4","36.3","96.8","0.18","N","0.0","0.0","41.5","0.00","  0",
"January 14, 2016","18:00","34.0","34.8","35.6","35.1","34.6","99.1","0.44","N","0.0","0.0","41.5","0.00","  0",
"January 14, 2016","19:00","32.2","32.6","33.5","33.0","32.5","99.3","0.56","N","0.0","0.0","41.5","0.00","  0",
"January 14, 2016","20:00","31.4","32.4","33.4","32.8","32.2","99.3","0.05","N","1.0","3.9","41.5","0.00","  0",
"January 14, 2016","21:00","32.0","32.9","33.4","33.3","32.6","99.0","0.07","N","2.3","5.3","41.5","0.00","  0",
"January 14, 2016","22:00","30.2","30.7","31.1","31.0","30.2","99.3","0.01","N","1.2","3.9","41.4","0.00","  0",
"January 14, 2016","23:00","29.5","30.7","31.5","31.0","30.2","99.3","0.01","N","1.6","6.7","41.3","0.00","  0",
"January 14, 2016","24:00","28.1","28.4","28.7","28.8","27.6","99.3","0.01","NE","0.1","2.4","41.2","0.00","  0",
"January 15, 2016","01:00","27.4","27.7","28.2","28.1","26.8","99.3","0.01","N","0.0","0.0","41.1","0.00","  0",
"January 15, 2016","02:00","27.5","27.7","27.9","28.1","26.8","99.3","0.01","E","0.1","2.1","41.0","0.00","  0",
"January 15, 2016","03:00","27.6","27.6","27.7","28.1","26.7","99.3","0.01","NE","0.0","2.1","40.9","0.00","  0",
"January 15, 2016","04:00","27.5","28.2","28.7","28.6","27.4","99.3","0.01","SE","0.0","2.1","40.8","0.00","  0",
"January 15, 2016","05:00","28.8","29.3","29.8","29.7","28.7","99.3","0.02","NE","0.1","2.1","40.7","0.00","  0",
"January 15, 2016","06:00","30.2","30.6","31.0","30.9","30.1","99.3","0.08","N","0.0","0.0","40.6","0.00","  0",
"January 15, 2016","07:00","31.3","31.6","31.8","31.8","31.2","99.3","0.53","N","0.0","0.0","40.4","0.00","  1",
"January 15, 2016","08:00","31.9","32.1","32.2","32.3","31.9","99.3","0.73","S","0.0","1.4","40.3","0.00","  9",
"January 15, 2016","09:00","32.3","33.2","34.4","33.5","33.0","99.3","0.75","SW","0.1","2.4","40.2","0.00"," 67",
"January 15, 2016","10:00","34.5","35.3","36.3","35.5","35.1","99.3","0.77","N","0.0","0.0","40.2","0.02"," 79",
"January 15, 2016","11:00","36.9","37.9","39.0","38.2","37.7","99.3","0.81","E","0.0","2.1","40.1","0.01"," 93",
"January 15, 2016","12:00","39.6","40.4","41.1","40.7","40.3","99.3","0.81","E","0.0","2.1","40.0","0.04","109",
"January 15, 2016","13:00","41.9","43.3","44.6","43.7","43.1","99.1","0.77","S","1.0","5.3","39.9","0.01","148",
"January 15, 2016","14:00","45.4","46.0","46.5","46.6","44.6","94.6","0.76","S","2.4","5.3","39.9","0.00","116",
"January 15, 2016","15:00","45.7","46.3","46.8","46.8","44.9","94.8","0.75","SE","0.7","3.9","39.9","0.00"," 49",
"January 15, 2016","16:00","43.7","44.4","45.0","44.7","44.1","98.7","0.77","E","0.1","2.4","40.0","0.00","  5",
"January 15, 2016","17:00","43.6","43.7","43.9","44.0","43.5","99.3","0.78","E","1.0","3.5","40.0","0.00","  0",
"January 15, 2016","18:00","42.3","42.6","42.9","42.9","42.4","99.3","0.80","S","0.0","2.8","40.1","0.00","  0",
"January 15, 2016","19:00","42.0","42.1","42.2","42.5","41.9","99.2","0.80","S","0.0","2.1","40.2","0.00","  0",
"January 15, 2016","20:00","41.5","41.8","42.0","42.1","41.6","99.2","0.80","E","0.0","1.7","40.3","0.00","  0",
"January 15, 2016","21:00","40.9","41.1","41.3","41.4","40.9","99.3","0.81","SW","0.1","2.8","40.3","0.00","  0",
"January 15, 2016","22:00","40.8","41.0","41.3","41.3","40.8","99.3","0.80","E","0.5","3.1","40.4","0.00","  0",
"January 15, 2016","23:00","40.7","40.8","41.0","41.1","40.6","99.3","0.78","SW","0.0","1.4","40.4","0.00","  0",
"January 15, 2016","24:00","40.9","41.1","41.3","41.4","40.9","99.3","0.76","NW","1.0","6.0","40.5","0.01","  0",
"January 16, 2016","01:00","40.5","40.6","40.8","41.0","40.5","99.3","0.71","N","0.6","2.8","40.6","0.00","  0",
"January 16, 2016","02:00","40.4","40.6","40.7","40.9","40.4","99.3","0.72","NW","0.3","3.1","40.6","0.00","  0",
"January 16, 2016","03:00","40.8","40.8","41.0","41.2","40.7","99.3","0.71","NE","0.1","2.8","40.6","0.01","  0",
"January 16, 2016","04:00","41.0","42.2","43.7","42.7","41.0","95.5","0.68","SE","1.2","7.4","40.7","0.02","  0",
"January 16, 2016","05:00","43.3","43.7","44.1","44.1","41.5","92.1","0.61","S","3.2","8.5","40.7","0.10","  0",
"January 16, 2016","06:00","43.1","43.7","44.3","44.1","42.2","94.5","0.57","SE","4.2","10.3","40.7","0.08","  0",
"January 16, 2016","07:00","44.4","44.4","44.4","44.8","42.1","91.7","0.55","S","5.2","12.1","40.8","0.04","  1",
"January 16, 2016","08:00","44.1","44.2","44.4","44.6","42.9","95.1","0.56","SE","2.4","7.1","40.8","0.00","  6",
"January 16, 2016","09:00","44.5","44.8","45.0","45.2","43.7","96.0","0.59","S","2.0","8.2","40.9","0.01"," 37",
"January 16, 2016","10:00","45.6","46.0","46.8","46.4","44.6","94.5","0.56","S","4.3","9.2","40.9","0.00","113",
"January 16, 2016","11:00","48.2","49.3","50.5","49.6","46.6","90.3","0.45","S","4.8","10.3","41.0","0.00","239",
"January 16, 2016","12:00","51.0","53.4","54.8","53.6","47.5","80.4","0.06","S","5.8","11.7","41.1","0.00","284",
"January 16, 2016","13:00","51.4","53.6","55.1","53.9","46.5","77.1","0.21","SE","4.8","9.6","41.1","0.00","210",
"January 16, 2016","14:00","51.6","52.2","52.7","52.5","46.3","80.1","0.14","S","3.2","6.7","41.2","0.00"," 98",
"January 16, 2016","15:00","49.1","49.8","50.7","50.2","47.0","90.0","0.58","S","2.6","14.2","41.4","0.13"," 44",
"January 16, 2016","16:00","48.0","48.5","49.0","48.9","47.3","95.4","0.59","S","2.7","6.7","41.5","0.01","  8",
"January 16, 2016","17:00","47.9","48.2","48.3","48.5","47.2","96.6","0.65","S","2.7","7.4","41.6","0.06","  0",
"January 16, 2016","18:00","48.2","48.5","48.7","48.9","47.0","94.4","0.59","S","3.5","7.8","41.8","0.00","  0",
"January 16, 2016","19:00","48.2","48.4","48.7","48.8","46.7","93.4","0.62","S","5.0","12.8","41.9","0.01","  0",
"January 16, 2016","20:00","48.0","48.2","48.7","48.6","46.6","94.0","0.66","S","4.3","9.9","42.0","0.00","  0",
"January 16, 2016","21:00","46.1","46.9","47.5","47.3","45.9","96.4","0.66","SE","1.5","6.0","42.1","0.00","  0",
"January 16, 2016","22:00","42.3","43.2","44.3","43.5","42.8","98.5","0.69","SE","0.9","3.5","42.2","0.00","  0",
"January 16, 2016","23:00","39.8","40.9","42.2","41.3","40.6","98.7","0.70","E","0.6","2.8","42.3","0.00","  0",
"January 16, 2016","24:00","39.9","40.2","40.4","40.5","40.0","99.3","0.70","E","1.0","3.9","42.4","0.00","  0",
"January 17, 2016","01:00","40.1","40.7","41.2","41.0","40.5","99.3","0.70","E","0.2","3.1","42.4","0.00","  0",
"January 17, 2016","02:00","40.9","41.7","42.4","42.0","41.4","99.0","0.69","SE","1.3","4.6","42.4","0.00","  0",
"January 17, 2016","03:00","42.0","42.5","43.0","42.9","41.3","95.5","0.67","W","0.8","4.2","42.4","0.00","  0",
"January 17, 2016","04:00","41.8","42.3","43.0","42.6","40.5","93.3","0.64","NW","1.5","5.3","42.4","0.00","  0",
"January 17, 2016","05:00","41.5","42.1","42.8","42.5","40.4","93.6","0.65","N","2.4","6.7","42.4","0.00","  0",
"January 17, 2016","06:00","40.0","41.0","43.1","41.4","39.7","95.0","0.66","E","1.4","5.7","42.4","0.00","  0",
"January 17, 2016","07:00","42.7","43.5","44.7","43.8","41.8","93.9","0.63","E","1.9","11.7","42.3","0.08","  1",
"January 17, 2016","08:00","46.5","46.7","47.0","47.1","42.8","86.1","0.57","SE","4.9","12.8","42.3","0.05","  5",
"January 17, 2016","09:00","46.4","46.7","47.4","47.1","43.0","86.7","0.55","S","4.5","12.8","42.3","0.02"," 26",
"January 17, 2016","10:00","46.5","46.9","47.4","47.3","44.2","90.4","0.57","SE","3.3","9.6","42.3","0.02"," 41",
"January 17, 2016","11:00","46.8","46.9","47.0","47.2","45.2","93.6","0.57","S","2.5","6.0","42.3","0.02"," 48",
"January 17, 2016","12:00","47.2","47.3","47.5","47.7","44.8","91.1","0.60","S","2.3","6.7","42.3","0.00"," 52",
"January 17, 2016","13:00","46.7","46.8","47.0","47.3","43.5","88.0","0.63","S","2.7","7.4","42.4","0.01"," 76",
"January 17, 2016","14:00","46.9","47.2","47.5","47.6","43.9","88.2","0.66","S","1.9","6.0","42.4","0.00"," 57",
"January 17, 2016","15:00","46.7","47.0","47.1","47.4","45.6","94.8","0.70","E","0.4","2.8","42.4","0.00"," 60",
"January 17, 2016","16:00","45.9","46.3","46.8","46.7","45.2","96.0","0.68","S","0.2","3.9","42.5","0.00","  8",
"January 17, 2016","17:00","45.1","45.4","45.7","45.7","44.4","96.3","0.69","E","0.1","2.1","42.5","0.00","  1",
"January 17, 2016","18:00","44.4","44.7","44.9","45.0","44.1","97.8","0.72","SE","1.1","5.3","42.6","0.08","  0",
"January 17, 2016","19:00","43.3","43.8","44.2","44.1","43.4","98.4","0.62","S","1.9","6.0","42.6","0.01","  0",
"January 17, 2016","20:00","43.5","43.5","43.6","43.8","43.3","99.3","0.63","SE","0.7","3.1","42.7","0.00","  0",
"January 17, 2016","21:00","43.1","43.2","43.4","43.6","43.0","99.3","0.64","SE","0.7","3.9","42.7","0.00","  0",
"January 17, 2016","22:00","42.2","42.9","43.2","43.2","42.6","99.1","0.64","E","0.4","3.1","42.8","0.00","  0",
"January 17, 2016","23:00","41.3","41.8","42.2","42.1","41.6","99.3","0.65","N","0.4","4.2","42.8","0.00","  0",
"January 17, 2016","24:00","42.0","42.3","42.7","42.7","42.1","99.3","0.67","NE","0.3","3.5","42.8","0.00","  0",
"January 18, 2016","01:00","42.4","42.6","42.8","43.0","42.5","99.3","0.72","E","0.0","2.8","42.8","0.04","  0",
"January 18, 2016","02:00","42.5","42.6","42.6","42.9","42.4","99.3","0.74","SE","0.2","3.5","42.8","0.02","  0",
"January 18, 2016","03:00","40.4","41.6","42.3","41.9","41.4","99.3","0.74","N","0.0","0.0","42.8","0.00","  0",
"January 18, 2016","04:00","40.1","40.4","40.9","40.7","40.2","99.3","0.73","SE","0.2","3.9","42.8","0.00","  0",
"January 18, 2016","05:00","41.0","41.1","41.1","41.4","40.9","99.3","0.72","N","0.0","0.0","42.8","0.00","  0",
"January 18, 2016","06:00","39.4","39.8","40.4","40.2","39.7","99.3","0.73","N","0.0","0.0","42.8","0.01","  0",
"January 18, 2016","07:00","40.6","40.8","41.0","41.1","40.6","99.3","0.73","NE","0.0","2.1","42.8","0.00","  2",
"January 18, 2016","08:00","41.2","41.7","42.2","42.0","41.5","99.3","0.73","SE","0.0","1.4","42.8","0.00"," 27",
"January 18, 2016","09:00","42.8","43.6","44.5","43.9","43.4","99.3","0.72","NE","0.0","1.4","42.8","0.00"," 73",
"January 18, 2016","10:00","45.0","45.9","46.4","46.4","45.3","97.5","0.73","SE","0.4","3.5","42.7","0.00","109",
"January 18, 2016","11:00","47.5","50.2","51.2","50.6","45.8","85.0","0.60","S","1.6","5.3","42.7","0.00","270",
"January 18, 2016","12:00","51.3","53.1","54.6","53.4","45.0","74.2","0.05","S","3.0","8.9","42.7","0.00","277",
"January 18, 2016","13:00","53.5","54.3","54.9","54.6","40.9","60.5","0.00","S","6.0","11.4","42.7","0.00","261",
"January 18, 2016","14:00","52.0","52.7","53.3","53.0","42.2","67.5","0.00","SE","1.4","7.1","42.8","0.00","103",
"January 18, 2016","15:00","51.5","52.1","52.5","52.5","41.6","67.2","0.00","E","3.1","9.2","42.8","0.00"," 58",
"January 18, 2016","16:00","46.7","48.9","50.7","49.3","42.2","77.5","0.00","S","0.8","4.6","42.9","0.00"," 19",
"January 18, 2016","17:00","42.8","43.8","44.8","44.1","41.8","92.7","0.03","E","0.8","4.6","43.0","0.00","  1",
"January 18, 2016","18:00","42.8","43.0","43.1","43.3","41.2","93.3","0.03","S","0.2","3.1","43.1","0.00","  0",
"January 18, 2016","19:00","43.1","46.9","49.6","47.3","39.3","75.5","0.06","S","3.7","12.8","43.1","0.00","  0",
"January 18, 2016","20:00","47.8","48.4","49.3","48.8","40.9","75.1","0.04","S","3.6","13.2","43.2","0.00","  0",
"January 18, 2016","21:00","45.2","46.5","47.2","46.8","42.8","87.0","0.74","SE","1.6","6.0","43.2","0.00","  0",
"January 18, 2016","22:00","44.7","45.1","45.4","45.4","43.3","93.5","0.76","E","1.1","3.5","43.2","0.01","  0",
"January 18, 2016","23:00","43.6","44.1","44.5","44.4","42.8","95.1","0.79","E","0.2","3.1","43.2","0.00","  0",
"January 18, 2016","24:00","43.0","43.3","43.5","43.6","42.7","97.8","0.76","S","0.4","3.1","43.2","0.00","  0",
"January 19, 2016","01:00","43.1","43.3","43.5","43.7","42.6","97.3","0.77","E","0.9","3.9","43.3","0.00","  0",
"January 19, 2016","02:00","42.6","42.8","43.0","43.1","42.2","97.5","0.76","E","0.1","2.4","43.3","0.00","  0",
"January 19, 2016","03:00","42.3","42.5","42.7","42.9","42.1","98.4","0.75","NW","0.3","2.4","43.3","0.00","  0",
"January 19, 2016","04:00","42.2","42.4","42.6","42.7","42.1","98.9","0.75","E","0.4","3.1","43.3","0.00","  0",
"January 19, 2016","05:00","40.7","41.8","42.4","42.1","41.4","98.4","0.76","NE","0.0","2.4","43.3","0.00","  0",
"January 19, 2016","06:00","39.5","40.1","40.8","40.4","39.9","99.3","0.78","SE","0.2","3.5","43.3","0.00","  0",
"January 19, 2016","07:00","38.2","38.6","39.6","39.0","38.5","99.3","0.78","N","0.0","1.4","43.3","0.00","  1",
"January 19, 2016","08:00","38.1","38.8","39.5","39.1","38.6","99.3","0.78","NW","0.8","3.9","43.3","0.00"," 22",
"January 19, 2016","09:00","39.8","40.8","41.6","41.2","39.8","96.1","0.76","N","0.9","4.6","43.3","0.00"," 54",
"January 19, 2016","10:00","42.0","42.9","43.6","43.3","40.4","90.9","0.76","NW","2.3","5.7","43.2","0.00"," 89",
"January 19, 2016","11:00","43.7","44.3","45.0","44.7","40.4","86.1","0.64","NW","2.9","7.4","43.2","0.00","100",
"January 19, 2016","12:00","45.5","45.8","46.0","46.1","41.0","83.1","0.17","NW","2.4","5.3","43.1","0.00"," 82",
"January 19, 2016","13:00","45.6","46.0","46.2","46.3","42.0","86.0","0.40","NW","1.1","4.2","43.1","0.01"," 55",
"January 19, 2016","14:00","45.5","45.5","45.6","45.8","43.0","90.8","0.77","NW","1.4","4.9","43.1","0.00"," 45",
"January 19, 2016","15:00","44.4","44.8","45.3","45.1","42.7","92.5","0.73","NW","0.3","3.5","43.1","0.02"," 21",
"January 19, 2016","16:00","43.7","44.0","44.4","44.4","43.0","95.9","0.64","N","1.7","6.7","43.1","0.06","  4",
"January 19, 2016","17:00","43.0","43.3","43.6","43.6","42.6","97.5","0.57","N","1.2","4.9","43.2","0.07","  0",
"January 19, 2016","18:00","42.7","42.8","42.9","43.1","42.6","99.0","0.55","SE","0.2","2.8","43.2","0.07","  0",
"January 19, 2016","19:00","42.4","42.5","42.6","42.8","42.3","99.3","0.56","S","0.0","1.4","43.2","0.03","  0",
"January 19, 2016","20:00","41.9","42.2","42.6","42.5","42.1","99.3","0.59","N","0.0","0.0","43.2","0.01","  0",
"January 19, 2016","21:00","41.7","41.8","41.8","42.1","41.6","99.3","0.63","N","0.0","0.0","43.2","0.01","  0",
"January 19, 2016","22:00","41.7","41.7","41.8","42.0","41.6","99.3","0.61","N","0.0","0.0","43.2","0.01","  0",
"January 19, 2016","23:00","41.2","41.3","41.4","41.6","41.1","99.3","0.60","N","0.0","0.0","43.3","0.01","  0",
"January 19, 2016","24:00","41.0","41.2","41.3","41.5","41.0","99.3","0.60","SE","0.1","2.4","43.3","0.00","  0",
"January 20, 2016","01:00","41.4","41.5","41.6","41.9","41.3","99.3","0.60","S","0.0","2.1","43.3","0.00","  0",
"January 20, 2016","02:00","41.5","41.6","41.7","42.0","41.5","99.3","0.61","S","0.5","4.2","43.3","0.00","  0",
"January 20, 2016","03:00","41.4","41.5","41.6","41.8","41.3","99.3","0.61","S","0.3","2.8","43.3","0.00","  0",
"January 20, 2016","04:00","40.3","40.7","41.1","41.0","40.5","99.3","0.63","S","0.1","3.1","43.2","0.00","  0",
"January 20, 2016","05:00","40.6","41.0","41.4","41.3","40.8","99.3","0.63","S","0.1","2.4","43.2","0.00","  0",
"January 20, 2016","06:00","41.5","41.7","41.9","42.0","41.5","99.3","0.62","E","0.1","2.1","43.2","0.00","  0",
"January 20, 2016","07:00","41.9","42.1","42.2","42.4","41.9","99.3","0.66","S","0.1","2.8","43.2","0.01","  1",
"January 20, 2016","08:00","42.2","42.6","43.1","42.9","42.4","99.3","0.67","S","0.1","2.4","43.2","0.00"," 13",
"January 20, 2016","09:00","43.6","44.3","45.0","44.7","44.1","99.3","0.68","S","0.7","3.9","43.2","0.00"," 52",
"January 20, 2016","10:00","45.7","46.3","46.9","46.8","44.8","94.5","0.67","S","2.1","8.5","43.2","0.00"," 77",
"January 20, 2016","11:00","47.3","48.1","48.8","48.5","44.1","85.9","0.54","S","3.6","8.9","43.2","0.00","153",
"January 20, 2016","12:00","49.4","50.1","50.8","50.4","43.6","78.2","0.06","S","4.3","9.2","43.2","0.00","193",
"January 20, 2016","13:00","50.8","51.0","51.2","51.4","42.8","73.2","0.00","SE","3.3","6.4","43.2","0.00","200",
"January 20, 2016","14:00","50.0","50.5","50.9","50.9","43.0","75.3","0.00","E","3.2","6.4","43.2","0.00","136",
"January 20, 2016","15:00","49.3","49.6","49.8","50.0","43.1","78.2","0.00","E","2.7","5.7","43.3","0.00"," 63",
"January 20, 2016","16:00","46.1","47.1","48.5","47.4","43.6","87.4","0.00","E","0.9","3.1","43.3","0.00"," 10",
"January 20, 2016","17:00","44.2","44.8","45.2","45.0","43.6","95.8","0.01","E","0.3","2.4","43.4","0.00","  0",
"January 20, 2016","18:00","44.0","44.1","44.3","44.4","43.4","97.3","0.03","SW","0.0","1.4","43.5","0.00","  0",
"January 20, 2016","19:00","43.4","43.7","44.0","44.0","42.8","96.9","0.05","E","0.9","3.5","43.5","0.00","  0",
"January 20, 2016","20:00","43.5","44.0","45.2","44.3","42.4","94.2","0.21","SE","1.1","7.8","43.5","0.00","  0",
"January 20, 2016","21:00","45.0","45.8","46.2","46.1","41.0","83.3","0.72","SE","2.4","7.4","43.6","0.01","  0",
"January 20, 2016","22:00","44.0","44.2","44.5","44.5","42.4","93.2","0.68","SE","1.6","8.9","43.6","0.04","  0",
"January 20, 2016","23:00","44.6","44.7","44.9","45.1","42.5","92.0","0.61","S","3.5","8.9","43.6","0.05","  0",
"January 20, 2016","24:00","44.6","44.8","44.9","45.2","42.9","93.0","0.59","S","4.0","10.3","43.6","0.06","  0",
"January 21, 2016","01:00","45.0","45.0","45.1","45.4","43.4","93.9","0.58","S","3.1","8.5","43.6","0.05","  0",
"January 21, 2016","02:00","45.1","45.4","45.6","45.8","43.9","94.2","0.58","S","2.9","7.1","43.6","0.05","  0",
"January 21, 2016","03:00","45.7","45.7","45.9","46.1","44.3","94.6","0.57","S","2.2","8.9","43.7","0.08","  0",
"January 21, 2016","04:00","45.9","46.3","46.6","46.7","44.7","94.3","0.54","SE","2.3","7.1","43.7","0.07","  0",
"January 21, 2016","05:00","46.4","46.8","46.9","47.1","45.2","94.3","0.54","SE","2.8","8.5","43.7","0.06","  0",
"January 21, 2016","06:00","46.7","47.2","47.6","47.5","45.9","95.3","0.52","S","1.7","7.8","43.7","0.07","  0",
"January 21, 2016","07:00","46.4","46.8","47.5","47.2","46.4","98.4","0.51","S","1.4","7.1","43.7","0.09","  1",
"January 21, 2016","08:00","47.2","47.5","47.9","47.9","46.3","95.5","0.48","SE","3.2","11.4","43.8","0.14","  5",
"January 21, 2016","09:00","48.0","48.2","48.2","48.5","46.1","92.6","0.48","S","3.8","11.0","43.9","0.08"," 16",
"January 21, 2016","10:00","47.8","48.1","48.4","48.5","46.8","95.3","0.47","S","3.7","8.9","43.9","0.13"," 23",
"January 21, 2016","11:00","48.3","48.5","48.6","48.9","46.8","94.0","0.48","S","3.1","8.5","44.0","0.11"," 31",
"January 21, 2016","12:00","48.3","48.4","48.6","48.7","47.4","96.3","0.51","N","1.1","4.2","44.1","0.05"," 27",
"January 21, 2016","13:00","48.4","48.6","48.7","49.0","47.5","96.2","0.54","N","2.2","4.9","44.1","0.01"," 36",
"January 21, 2016","14:00","48.5","48.6","48.6","48.9","47.8","97.2","0.54","N","1.6","4.6","44.2","0.00"," 26",
"January 21, 2016","15:00","48.5","48.8","49.0","49.2","47.8","96.4","0.59","N","2.0","7.4","44.2","0.03"," 16",
"January 21, 2016","16:00","48.0","48.2","48.3","48.5","47.9","99.1","0.58","N","0.0","0.0","44.3","0.03","  5",
"January 21, 2016","17:00","47.6","47.8","47.9","48.1","47.6","99.3","0.56","E","0.4","2.8","44.3","0.04","  0",
"January 21, 2016","18:00","47.5","47.6","47.8","48.0","47.4","99.3","0.55","E","0.1","2.8","44.4","0.03","  0",
"January 21, 2016","19:00","47.4","47.6","47.7","47.9","47.4","99.3","0.57","N","0.0","0.0","44.4","0.02","  0",
"January 21, 2016","20:00","47.5","47.5","47.6","47.9","47.4","99.3","0.57","W","0.0","1.4","44.4","0.05","  0",
"January 21, 2016","21:00","47.2","47.3","47.4","47.6","47.1","99.3","0.56","E","0.1","4.2","44.5","0.03","  0",
"January 21, 2016","22:00","47.0","47.2","47.4","47.5","47.0","99.3","0.55","NE","0.7","4.2","44.5","0.00","  0",
"January 21, 2016","23:00","46.8","46.9","47.1","47.2","46.7","99.3","0.55","NE","0.1","2.8","44.5","0.01","  0",
"January 21, 2016","24:00","46.8","47.0","47.2","47.3","46.8","99.3","0.53","E","0.1","3.5","44.5","0.00","  0",
"January 22, 2016","01:00","46.7","47.0","47.8","47.3","46.8","99.3","0.54","E","0.3","3.5","44.6","0.01","  0",
"January 22, 2016","02:00","48.0","48.2","48.4","48.6","48.0","99.3","0.56","E","0.5","4.2","44.6","0.01","  0",
"January 22, 2016","03:00","47.6","47.8","48.1","48.2","47.7","99.2","0.55","E","0.6","4.6","44.6","0.01","  0",
"January 22, 2016","04:00","47.3","47.5","47.8","47.9","47.3","99.1","0.55","E","0.8","3.9","44.6","0.03","  0",
"January 22, 2016","05:00","47.9","48.0","48.0","48.4","47.6","98.8","0.52","S","1.4","6.0","44.7","0.11","  0",
"January 22, 2016","06:00","48.3","48.7","49.0","49.1","48.3","98.5","0.51","S","3.1","9.9","44.7","0.04","  0",
"January 22, 2016","07:00","49.1","49.1","49.2","49.6","48.4","97.3","0.51","S","4.5","11.4","44.7","0.03","  1",
"January 22, 2016","08:00","48.9","49.8","51.3","50.3","48.7","95.8","0.50","S","4.3","15.7","44.7","0.01"," 17",
"January 22, 2016","09:00","51.2","51.7","52.3","52.1","48.8","89.8","0.48","S","7.7","15.0","44.7","0.00","110",
"January 22, 2016","10:00","52.0","52.6","53.1","52.9","47.8","83.5","0.08","S","9.0","18.9","44.8","0.00","189",
"January 22, 2016","11:00","52.4","53.1","53.9","53.5","47.4","81.0","0.00","S","7.6","16.4","44.8","0.00","161",
"January 22, 2016","12:00","53.1","53.9","54.4","54.2","46.7","76.7","0.00","S","8.0","16.7","44.8","0.00","211",
"January 22, 2016","13:00","54.6","55.0","55.6","55.3","46.0","71.6","0.00","S","7.7","15.0","44.9","0.00","266",
"January 22, 2016","14:00","54.9","55.4","56.0","55.7","44.8","67.3","0.00","S","6.8","16.0","45.0","0.00","244",
"January 22, 2016","15:00","53.9","54.7","55.4","54.9","43.6","66.1","0.00","S","5.9","14.2","45.2","0.00","137",
"January 22, 2016","16:00","49.5","51.3","53.0","51.6","43.5","74.8","0.00","S","3.6","8.9","45.4","0.00"," 26",
"January 22, 2016","17:00","44.9","46.8","49.3","47.1","43.0","86.5","0.01","SE","0.6","6.0","45.6","0.00","  1",
"January 22, 2016","18:00","44.0","44.4","44.9","44.7","42.5","93.1","0.08","S","0.5","5.7","45.7","0.00","  0",
"January 22, 2016","19:00","41.8","42.6","43.6","43.0","41.8","96.7","0.20","SW","0.0","1.4","45.8","0.00","  0",
"January 22, 2016","20:00","40.7","41.2","41.5","41.6","41.0","99.2","0.35","NW","0.1","2.8","45.8","0.00","  0",
"January 22, 2016","21:00","40.5","40.8","41.0","41.1","40.6","99.3","0.46","N","1.2","3.9","45.7","0.00","  0",
"January 22, 2016","22:00","41.3","41.6","41.9","41.9","41.4","99.3","0.56","NW","1.2","3.5","45.7","0.00","  0",
"January 22, 2016","23:00","39.8","40.6","41.2","40.9","40.4","99.3","0.60","N","0.6","3.5","45.6","0.00","  0",
"January 22, 2016","24:00","39.6","40.3","41.0","40.7","40.1","99.3","0.64","N","2.0","4.6","45.5","0.00","  0",
"January 23, 2016","01:00","39.8","40.5","41.1","40.9","40.2","98.9","0.66","N","1.5","4.2","45.4","0.00","  0",
"January 23, 2016","02:00","39.2","40.0","40.7","40.4","39.6","98.5","0.68","N","2.3","6.0","45.3","0.00","  0",
"January 23, 2016","03:00","40.5","40.7","40.7","41.0","40.1","97.8","0.67","N","2.1","7.1","45.2","0.00","  0",
"January 23, 2016","04:00","41.0","41.4","41.6","41.7","40.8","97.8","0.70","NW","1.2","4.2","45.1","0.00","  0",
"January 23, 2016","05:00","41.7","41.7","41.8","42.0","41.4","98.8","0.66","E","0.2","3.9","45.0","0.04","  0",
"January 23, 2016","06:00","41.7","41.9","42.2","42.2","41.7","99.3","0.55","NW","0.8","3.5","44.9","0.10","  0",
"January 23, 2016","07:00","42.1","42.2","42.3","42.5","42.0","99.3","0.53","NW","0.9","3.1","44.8","0.05","  1",
"January 23, 2016","08:00","42.3","42.5","42.6","42.8","42.3","99.3","0.53","N","1.7","4.2","44.7","0.05","  9",
"January 23, 2016","09:00","42.7","43.0","43.3","43.3","42.8","99.3","0.53","N","0.2","2.4","44.6","0.03"," 23",
"January 23, 2016","10:00","43.5","43.6","43.7","43.9","43.4","99.3","0.52","S","0.2","2.8","44.6","0.06"," 43",
"January 23, 2016","11:00","43.9","43.9","44.0","44.3","43.7","99.3","0.51","S","0.4","3.1","44.6","0.05"," 49",
"January 23, 2016","12:00","44.2","44.3","44.5","44.6","44.1","99.3","0.52","S","0.1","2.8","44.5","0.07"," 40",
"January 23, 2016","13:00","44.6","44.9","45.1","45.2","44.7","99.2","0.51","SE","0.0","2.1","44.5","0.03"," 66",
"January 23, 2016","14:00","45.3","45.4","45.6","45.8","45.0","98.4","0.51","SE","0.0","2.1","44.5","0.02"," 73",
"January 23, 2016","15:00","45.1","45.2","45.3","45.5","44.6","97.8","0.53","S","0.3","3.5","44.6","0.03"," 16",
"January 23, 2016","16:00","44.7","44.8","44.9","45.2","44.6","99.0","0.54","SE","0.0","1.4","44.6","0.03","  6",
"January 23, 2016","17:00","44.5","44.6","44.6","44.9","44.4","99.3","0.54","N","0.0","0.0","44.6","0.01","  1",
"January 23, 2016","18:00","44.0","44.2","44.3","44.5","44.0","99.3","0.53","N","0.0","0.0","44.7","0.00","  0",
"January 23, 2016","19:00","44.0","44.0","44.1","44.3","43.9","99.3","0.53","N","0.0","0.0","44.7","0.00","  0",
"January 23, 2016","20:00","43.7","43.9","44.0","44.2","43.7","99.3","0.58","N","0.0","0.0","44.7","0.00","  0",
"January 23, 2016","21:00","40.5","42.4","43.6","42.7","42.2","99.3","0.56","N","0.0","0.0","44.7","0.00","  0",
"January 23, 2016","22:00","39.6","40.1","40.6","40.4","40.0","99.3","0.57","N","0.0","0.0","44.7","0.01","  0",
"January 23, 2016","23:00","40.8","41.2","41.6","41.5","41.0","99.3","0.56","N","0.0","0.0","44.7","0.00","  0",
"January 23, 2016","24:00","41.6","41.8","42.1","42.2","41.7","99.3","0.56","N","0.0","0.0","44.7","0.00","  0",
"January 24, 2016","01:00","42.2","42.3","42.4","42.6","42.1","99.3","0.62","SE","0.1","3.1","44.6","0.02","  0",
"January 24, 2016","02:00","42.4","42.5","42.7","42.8","42.3","99.3","0.60","SE","0.3","3.9","44.6","0.02","  0",
"January 24, 2016","03:00","42.8","42.9","43.0","43.3","42.7","99.3","0.57","SE","0.4","4.2","44.5","0.00","  0",
"January 24, 2016","04:00","42.2","42.7","43.1","43.0","42.3","98.7","0.64","NW","0.6","4.6","44.5","0.03","  0",
"January 24, 2016","05:00","42.0","42.0","42.0","42.3","41.8","99.2","0.64","NE","0.3","4.9","44.5","0.00","  0",
"January 24, 2016","06:00","42.2","42.5","42.7","42.9","41.3","95.4","0.67","E","2.1","8.2","44.5","0.01","  0",
"January 24, 2016","07:00","42.0","42.1","42.2","42.4","41.8","99.0","0.67","N","0.0","0.0","44.4","0.01","  2",
"January 24, 2016","08:00","42.0","42.6","43.0","42.9","42.4","99.3","0.66","N","0.0","0.0","44.4","0.00"," 55",
"January 24, 2016","09:00","43.3","44.1","45.4","44.7","43.2","96.6","0.66","S","0.1","3.1","44.4","0.00","153",
"January 24, 2016","10:00","45.4","46.9","48.1","47.4","42.8","85.5","0.60","S","2.0","4.9","44.4","0.00","263",
"January 24, 2016","11:00","47.2","48.1","48.6","48.4","41.8","78.7","0.13","S","2.8","6.4","44.3","0.00","220",
"January 24, 2016","12:00","47.9","48.9","49.9","49.2","40.7","73.4","0.00","S","3.4","7.4","44.3","0.00","306",
"January 24, 2016","13:00","48.6","48.8","49.3","49.2","39.8","70.8","0.00","S","2.6","6.0","44.3","0.00","165",
"January 24, 2016","14:00","49.0","50.3","51.3","50.6","39.0","65.3","0.00","S","2.9","7.4","44.4","0.00","219",
"January 24, 2016","15:00","49.9","50.1","50.3","50.5","38.4","63.8","0.00","SE","1.4","6.4","44.4","0.00","133",
"January 24, 2016","16:00","45.0","47.7","49.9","48.0","41.0","77.6","0.00","S","0.0","3.1","44.4","0.00"," 47",
"January 24, 2016","17:00","40.9","42.1","43.4","42.4","40.7","94.7","0.05","N","0.0","0.0","44.5","0.00","  1",
"January 24, 2016","18:00","38.2","39.1","40.4","39.5","38.7","98.4","0.22","N","0.0","0.0","44.5","0.00","  0",
"January 24, 2016","19:00","37.3","37.6","37.9","37.9","37.4","99.3","0.41","N","0.0","0.0","44.6","0.00","  0",
"January 24, 2016","20:00","37.3","37.5","37.6","37.8","37.3","99.3","0.52","N","0.0","0.0","44.5","0.00","  0",
"January 24, 2016","21:00","36.3","36.9","37.3","37.2","36.7","99.3","0.59","NE","0.4","3.9","44.5","0.00","  0",
"January 24, 2016","22:00","35.3","35.7","35.9","36.0","35.5","99.3","0.65","NE","0.3","3.1","44.4","0.00","  0",
"January 24, 2016","23:00","33.2","34.1","34.9","34.4","33.9","99.3","0.69","N","0.1","2.1","44.3","0.00","  0",
"January 24, 2016","24:00","32.3","32.8","33.3","33.1","32.6","99.3","0.72","NE","0.3","3.1","44.2","0.00","  0",
"January 25, 2016","01:00","31.4","31.7","32.1","32.0","31.4","99.3","0.11","NE","0.4","2.4","44.1","0.00","  0",
"January 25, 2016","02:00","31.1","31.6","32.5","31.9","31.3","99.3","0.03","NW","0.1","2.1","44.0","0.00","  0",
"January 25, 2016","03:00","30.2","30.7","31.0","31.0","30.2","99.3","0.01","E","0.3","2.8","43.9","0.00","  0",
"January 25, 2016","04:00","30.1","30.5","31.1","30.9","30.1","99.3","0.02","W","0.1","2.4","43.8","0.00","  0",
"January 25, 2016","05:00","31.4","31.6","31.7","31.9","31.2","99.3","0.06","NW","0.1","1.7","43.6","0.00","  0",
"January 25, 2016","06:00","31.9","32.1","32.3","32.4","31.9","99.3","0.23","NW","0.1","2.1","43.5","0.00","  0",
"January 25, 2016","07:00","32.6","32.8","32.9","33.1","32.6","99.3","0.43","N","0.2","2.1","43.3","0.00","  3",
"January 25, 2016","08:00","33.3","34.2","35.3","34.5","34.0","99.3","0.71","NW","0.3","2.4","43.2","0.00"," 47",
"January 25, 2016","09:00","36.3","37.3","38.7","37.6","37.2","99.3","0.70","E","1.4","4.2","43.0","0.00"," 97",
"January 25, 2016","10:00","40.2","41.6","42.6","42.2","39.6","92.5","0.71","S","0.2","2.4","42.9","0.00","192",
"January 25, 2016","11:00","43.5","45.5","47.0","45.9","39.4","79.1","0.45","SE","1.6","4.6","42.8","0.00","255",
"January 25, 2016","12:00","48.7","49.0","49.6","49.4","40.5","72.4","0.01","SE","0.8","4.2","42.7","0.00","262",
"January 25, 2016","13:00","49.8","50.4","51.1","50.8","40.8","69.3","0.00","SE","0.1","4.2","42.7","0.00","194",
"January 25, 2016","14:00","51.4","51.6","51.8","52.0","42.7","71.4","0.00","S","0.4","5.3","42.7","0.00","125",
"January 25, 2016","15:00","52.0","52.8","53.6","53.2","42.5","67.9","0.00","SW","0.4","3.9","42.7","0.00","110",
"January 25, 2016","16:00","49.3","50.7","51.9","51.0","44.5","79.4","0.00","N","0.0","0.0","42.7","0.00"," 25",
"January 25, 2016","17:00","46.4","47.5","48.4","47.8","44.5","89.2","0.00","SE","1.0","3.9","42.8","0.00","  1",
"January 25, 2016","18:00","44.1","44.6","45.2","44.9","43.2","94.8","0.03","E","1.1","3.5","42.9","0.00","  0",
"January 25, 2016","19:00","44.2","44.5","45.0","44.8","42.4","92.0","0.04","SE","0.3","4.2","43.0","0.00","  0",
"January 25, 2016","20:00","44.0","44.2","44.5","44.6","41.7","90.6","0.03","S","0.2","3.5","43.1","0.00","  0",
"January 25, 2016","21:00","43.6","43.8","44.1","44.1","41.4","90.9","0.02","N","0.0","0.0","43.2","0.00","  0",
"January 25, 2016","22:00","44.0","44.4","44.7","44.7","41.0","87.7","0.01","S","0.0","1.4","43.2","0.00","  0",
"January 25, 2016","23:00","44.3","44.8","45.1","45.1","41.3","87.5","0.00","N","0.0","0.0","43.3","0.00","  0",
"January 25, 2016","24:00","45.7","45.8","46.0","46.1","40.7","82.0","0.00","N","0.0","0.0","43.3","0.00","  0",
"January 26, 2016","01:00","45.9","46.1","46.5","46.4","40.5","80.6","0.00","N","0.0","0.0","43.3","0.00","  0",
"January 26, 2016","02:00","45.6","45.7","46.1","46.1","41.7","85.8","0.00","NE","0.4","3.1","43.3","0.00","  0",
"January 26, 2016","03:00","45.3","45.6","45.7","45.9","42.4","88.6","0.00","N","0.2","2.4","43.4","0.00","  0",
"January 26, 2016","04:00","45.5","45.7","45.8","46.0","42.5","88.6","0.01","N","0.0","0.0","43.4","0.00","  0",
"January 26, 2016","05:00","45.1","45.3","45.5","45.7","43.4","92.8","0.42","N","0.0","0.0","43.4","0.00","  0",
"January 26, 2016","06:00","45.1","45.3","45.5","45.6","43.8","94.4","0.53","N","0.0","0.0","43.5","0.00","  0",
"January 26, 2016","07:00","44.9","45.0","45.1","45.3","44.5","98.1","0.79","S","0.5","3.9","43.5","0.03","  2",
"January 26, 2016","08:00","45.2","45.6","45.9","45.9","45.4","99.2","0.74","S","3.0","6.7","43.5","0.03"," 16",
"January 26, 2016","09:00","45.9","46.5","47.0","46.8","46.3","99.3","0.70","SE","2.5","4.9","43.6","0.04"," 40",
"January 26, 2016","10:00","47.9","48.5","49.2","48.9","48.4","99.3","0.66","S","3.0","7.1","43.6","0.02"," 58",
"January 26, 2016","11:00","49.5","49.8","50.1","50.2","49.6","99.2","0.69","S","0.8","4.6","43.6","0.04"," 34",
"January 26, 2016","12:00","50.5","51.5","52.3","51.8","51.2","99.1","0.61","SE","1.2","3.5","43.7","0.02"," 76",
"January 26, 2016","13:00","52.2","52.5","53.1","52.9","52.0","98.3","0.61","NE","1.4","4.2","43.8","0.00"," 60",
"January 26, 2016","14:00","53.4","53.7","54.2","54.0","53.0","97.4","0.69","S","0.8","4.9","43.8","0.00"," 92",
"January 26, 2016","15:00","53.8","54.1","54.2","54.4","53.3","97.2","0.68","S","2.3","5.7","43.9","0.00"," 52",
"January 26, 2016","16:00","52.4","53.1","53.6","53.5","52.6","98.2","0.67","S","2.8","7.8","44.0","0.00"," 21",
"January 26, 2016","17:00","51.6","51.8","51.9","52.1","51.3","98.3","0.68","S","3.2","6.7","44.1","0.00","  1",
"January 26, 2016","18:00","51.7","51.9","52.1","52.3","51.7","99.2","0.74","S","2.6","4.9","44.3","0.01","  0",
"January 26, 2016","19:00","51.3","51.7","52.1","52.0","51.5","99.1","0.75","S","2.6","4.9","44.4","0.02","  0",
"January 26, 2016","20:00","51.1","51.1","51.2","51.5","51.0","99.3","0.74","SE","0.5","3.5","44.5","0.00","  0",
"January 26, 2016","21:00","50.6","50.9","51.1","51.2","50.7","99.3","0.72","SE","0.9","4.2","44.6","0.02","  0",
"January 26, 2016","22:00","50.3","50.4","50.6","50.8","50.3","99.3","0.70","SE","0.6","4.2","44.7","0.00","  0",
"January 26, 2016","23:00","49.9","50.2","50.3","50.5","50.0","99.3","0.70","SE","1.1","3.9","44.8","0.00","  0",
"January 26, 2016","24:00","47.2","48.4","49.5","48.7","48.2","99.2","0.71","E","0.2","2.4","44.9","0.00","  0",
"January 27, 2016","01:00","47.4","47.7","48.2","48.0","47.5","99.3","0.70","E","0.0","1.7","45.0","0.00","  0",
"January 27, 2016","02:00","47.2","47.5","47.7","47.8","47.3","99.3","0.70","NE","0.0","2.4","45.0","0.00","  0",
"January 27, 2016","03:00","47.0","47.0","47.1","47.3","46.9","99.3","0.70","SW","0.1","2.4","45.1","0.00","  0",
"January 27, 2016","04:00","47.7","47.8","47.9","48.1","47.6","99.3","0.70","N","0.0","0.0","45.1","0.01","  0",
"January 27, 2016","05:00","47.9","48.3","48.7","48.7","48.2","99.3","0.68","E","0.0","2.4","45.1","0.00","  0",
"January 27, 2016","06:00","48.4","48.6","48.7","48.9","48.4","99.3","0.67","S","0.1","3.9","45.1","0.01","  0",
"January 27, 2016","07:00","48.8","49.1","49.4","49.5","49.0","99.3","0.66","S","0.0","3.5","45.2","0.00","  1",
"January 27, 2016","08:00","49.6","50.1","50.6","50.5","49.9","99.1","0.67","SE","0.4","4.2","45.2","0.00"," 11",
"January 27, 2016","09:00","50.8","51.1","51.3","51.4","50.6","98.0","0.70","SE","1.3","5.7","45.2","0.00"," 36",
"January 27, 2016","10:00","51.7","52.3","52.7","52.6","51.5","97.3","0.71","E","0.5","4.6","45.2","0.00"," 54",
"January 27, 2016","11:00","53.1","53.2","53.3","53.6","52.3","96.8","0.70","NE","0.0","1.4","45.3","0.00"," 55",
"January 27, 2016","12:00","53.0","53.2","53.3","53.5","52.0","95.9","0.70","S","0.0","2.8","45.3","0.00"," 47",
"January 27, 2016","13:00","53.2","53.6","54.0","53.9","52.1","94.8","0.69","N","0.0","0.0","45.3","0.00"," 65",
"January 27, 2016","14:00","53.7","54.0","54.2","54.3","52.1","93.3","0.62","E","0.3","3.9","45.4","0.00"," 55",
"January 27, 2016","15:00","53.1","53.4","54.1","53.7","52.2","95.4","0.60","S","0.9","5.7","45.5","0.00"," 29",
"January 27, 2016","16:00","53.6","54.2","54.5","54.5","52.8","95.0","0.73","S","2.7","7.4","45.5","0.02"," 17",
"January 27, 2016","17:00","52.3","52.8","53.3","53.1","52.5","98.7","0.72","SE","0.3","3.9","45.6","0.01","  1",
"January 27, 2016","18:00","51.6","51.9","52.0","52.2","51.7","99.3","0.69","SW","0.0","1.4","45.7","0.04","  0",
"January 27, 2016","19:00","50.6","51.0","51.4","51.3","50.8","99.3","0.62","SE","0.5","3.5","45.8","0.06","  0",
"January 27, 2016","20:00","50.0","50.2","50.4","50.5","50.0","99.3","0.57","SE","0.2","3.5","45.8","0.15","  0",
"January 27, 2016","21:00","49.5","49.6","49.8","50.0","49.4","99.1","0.51","S","1.6","5.3","45.9","0.17","  0",
"January 27, 2016","22:00","48.9","49.1","49.4","49.5","48.9","99.2","0.51","S","0.8","4.9","46.0","0.13","  0",
"January 27, 2016","23:00","48.5","48.6","48.8","49.0","48.4","99.3","0.51","SE","0.8","4.6","46.6","0.08","  0",
"January 27, 2016","24:00","48.4","48.6","48.8","48.9","48.4","99.3","0.52","S","0.6","5.3","46.6","0.04","  0",
"January 28, 2016","01:00","48.8","49.1","49.3","49.5","48.9","99.3","0.53","SE","0.3","4.9","46.5","0.04","  0",
"January 28, 2016","02:00","49.4","49.6","50.0","49.9","49.4","99.3","0.54","E","0.7","4.9","46.5","0.05","  0",
"January 28, 2016","03:00","50.6","51.7","53.1","52.1","51.4","98.8","0.52","SE","1.9","8.2","46.5","0.05","  0",
"January 28, 2016","04:00","53.4","53.5","53.7","53.9","52.5","96.4","0.52","S","2.3","8.2","46.4","0.03","  0",
"January 28, 2016","05:00","54.1","54.3","54.7","54.7","53.0","95.3","0.53","S","5.6","16.4","46.4","0.09","  0",
"January 28, 2016","06:00","53.8","54.2","54.5","54.6","52.6","94.4","0.53","S","5.9","12.4","46.4","0.06","  0",
"January 28, 2016","07:00","53.3","53.4","53.5","53.8","52.3","95.8","0.53","S","3.9","8.9","46.4","0.02","  1",
"January 28, 2016","08:00","53.2","53.3","53.3","53.6","52.4","96.9","0.57","SE","1.4","7.1","46.5","0.05","  8",
"January 28, 2016","09:00","49.7","50.6","52.7","51.0","49.5","95.7","0.56","N","2.7","12.4","46.5","0.07"," 15",
"January 28, 2016","10:00","49.5","49.6","49.7","50.0","48.8","97.0","0.57","S","0.4","5.3","46.5","0.03"," 46",
"January 28, 2016","11:00","49.6","49.6","49.8","50.0","49.3","98.7","0.59","S","1.5","5.3","46.5","0.03"," 54",
"January 28, 2016","12:00","48.4","49.2","49.9","49.6","48.5","97.3","0.61","S","2.6","5.7","46.6","0.05"," 80",
"January 28, 2016","13:00","48.5","48.6","48.7","49.0","47.8","96.9","0.68","NW","1.5","9.9","46.6","0.02"," 36",
"January 28, 2016","14:00","48.6","48.9","49.6","49.3","47.0","92.8","0.70","NE","4.7","9.9","46.6","0.00"," 91",
"January 28, 2016","15:00","49.2","49.6","50.1","50.0","46.6","89.3","0.55","NE","3.7","9.9","46.7","0.00"," 98",
"January 28, 2016","16:00","48.0","49.2","49.9","49.6","45.5","86.7","0.13","SE","3.0","11.4","46.7","0.00"," 74",
"January 28, 2016","17:00","44.8","45.9","46.9","46.2","44.6","95.1","0.06","N","1.2","7.1","46.8","0.00","  1",
"January 28, 2016","18:00","44.3","45.0","45.7","45.3","44.4","97.6","0.13","SE","1.2","5.3","46.8","0.00","  0",
"January 28, 2016","19:00","41.6","43.4","45.2","43.7","42.8","97.7","0.20","E","0.3","2.8","46.9","0.00","  0",
"January 28, 2016","20:00","41.0","41.3","41.5","41.5","41.1","99.3","0.39","SE","0.2","2.4","46.9","0.00","  0",
"January 28, 2016","21:00","40.5","40.9","41.3","41.2","40.7","99.3","0.52","S","0.1","1.7","46.9","0.00","  0",
"January 28, 2016","22:00","40.6","40.7","40.8","41.0","40.5","99.3","0.61","SW","0.1","1.7","46.9","0.00","  0",
"January 28, 2016","23:00","39.9","40.4","40.7","40.7","40.2","99.3","0.66","W","0.1","2.1","46.8","0.00","  0",
"January 28, 2016","24:00","41.3","41.5","41.6","41.8","41.3","99.3","0.70","E","0.4","2.8","46.7","0.00","  0",
"January 29, 2016","01:00","40.8","41.5","41.7","41.8","41.3","99.3","0.72","NE","0.5","2.8","46.6","0.00","  0",
"January 29, 2016","02:00","40.5","40.7","40.8","41.0","40.6","99.3","0.74","N","0.3","2.8","46.4","0.00","  0",
"January 29, 2016","03:00","41.1","41.3","41.8","41.6","41.2","99.3","0.76","N","0.9","5.3","46.3","0.00","  0",
"January 29, 2016","04:00","41.9","42.0","42.2","42.4","41.8","99.2","0.77","N","2.2","6.4","46.1","0.00","  0",
"January 29, 2016","05:00","41.3","41.7","42.0","42.0","41.3","98.6","0.77","N","1.1","6.0","45.9","0.00","  0",
"January 29, 2016","06:00","41.4","41.5","41.8","41.9","41.2","98.8","0.77","E","1.1","5.3","45.8","0.00","  0",
"January 29, 2016","07:00","41.7","42.0","42.4","42.4","41.4","97.6","0.76","E","0.2","3.5","45.7","0.01","  1",
"January 29, 2016","08:00","42.4","42.5","42.7","42.8","42.1","98.7","0.68","N","0.2","3.5","45.6","0.03","  9",
"January 29, 2016","09:00","42.9","43.0","43.1","43.4","42.8","98.9","0.62","N","0.5","3.9","45.5","0.04"," 29",
"January 29, 2016","10:00","43.2","43.6","43.8","44.0","43.1","97.9","0.57","S","1.3","4.9","45.4","0.05"," 53",
"January 29, 2016","11:00","44.2","44.7","45.2","45.0","43.5","95.7","0.54","S","4.1","12.8","45.3","0.00","101",
"January 29, 2016","12:00","45.8","46.6","47.2","47.0","43.6","88.9","0.40","S","8.2","16.0","45.4","0.00","131",
"January 29, 2016","13:00","48.8","49.4","50.5","49.6","42.6","77.4","0.02","S","11.2","21.0","45.4","0.01","296",
"January 29, 2016","14:00","48.9","49.4","50.0","49.7","39.3","68.0","0.00","S","8.5","26.0","45.4","0.00","191",
"January 29, 2016","15:00","49.2","50.3","51.3","50.6","39.8","67.2","0.00","SW","6.2","20.3","45.5","0.00","180",
"January 29, 2016","16:00","47.9","48.4","48.7","48.7","41.0","75.6","0.00","S","4.8","9.9","45.5","0.00"," 30",
"January 29, 2016","17:00","45.1","46.2","47.3","46.6","39.5","77.3","0.00","S","4.0","10.7","45.5","0.00","  1",
"January 29, 2016","18:00","43.9","44.3","45.0","44.6","39.1","82.1","0.00","SE","1.6","5.7","45.6","0.00","  0",
"January 29, 2016","19:00","44.6","44.9","45.3","45.2","39.6","81.7","0.00","S","2.6","7.1","45.6","0.00","  0",
"January 29, 2016","20:00","44.3","44.5","44.8","44.9","39.6","82.6","0.01","S","5.9","12.8","45.6","0.00","  0",
"January 29, 2016","21:00","43.4","43.7","44.0","44.1","38.9","83.1","0.00","S","4.3","8.5","45.6","0.00","  0",
"January 29, 2016","22:00","42.6","42.9","43.3","43.3","38.2","83.3","0.00","S","3.7","8.5","45.6","0.00","  0",
"January 29, 2016","23:00","42.6","42.6","42.7","43.0","37.7","82.5","0.01","S","5.0","11.0","45.5","0.00","  0",
"January 29, 2016","24:00","41.6","42.3","42.8","42.6","38.3","85.9","0.18","S","4.4","11.4","45.5","0.00","  0",
"January 30, 2016","01:00","41.4","41.5","41.5","41.8","39.0","90.9","0.68","S","4.2","9.6","45.5","0.00","  0",
"January 30, 2016","02:00","41.3","41.3","41.5","41.7","38.6","90.0","0.37","S","3.5","7.8","45.4","0.00","  0",
"January 30, 2016","03:00","41.0","41.1","41.2","41.5","38.4","90.0","0.06","S","3.2","6.7","45.4","0.00","  0",
"January 30, 2016","04:00","40.3","40.6","40.9","41.0","37.7","89.1","0.00","S","4.2","7.8","45.3","0.00","  0",
"January 30, 2016","05:00","40.1","40.2","40.2","40.5","37.5","90.1","0.00","S","4.0","8.5","45.3","0.00","  0",
"January 30, 2016","06:00","40.2","40.3","40.4","40.7","37.4","89.2","0.00","S","2.8","9.9","45.3","0.00","  0",
"January 30, 2016","07:00","40.4","40.4","40.5","40.8","36.9","87.1","0.00","S","4.2","9.6","45.2","0.00","  4",
"January 30, 2016","08:00","40.5","40.7","40.8","41.1","37.0","86.4","0.00","S","3.8","7.4","45.2","0.00"," 17",
"January 30, 2016","09:00","40.8","41.3","41.8","41.6","37.3","85.7","0.00","S","3.4","6.7","45.1","0.00"," 45",
"January 30, 2016","10:00","41.9","42.3","42.6","42.6","37.6","83.3","0.00","S","4.8","9.6","45.0","0.00"," 86",
"January 30, 2016","11:00","42.8","43.7","44.7","44.1","37.7","79.3","0.00","S","5.2","11.0","45.0","0.00","147",
"January 30, 2016","12:00","44.9","45.0","45.4","45.4","37.4","74.2","0.00","S","6.0","14.2","44.9","0.00","170",
"January 30, 2016","13:00","45.6","45.8","45.9","46.1","36.9","71.1","0.00","S","6.1","12.8","44.9","0.00","158",
"January 30, 2016","14:00","45.5","45.7","45.9","46.1","36.7","70.5","0.00","S","5.4","15.3","44.9","0.00","100",
"January 30, 2016","15:00","45.7","45.9","46.1","46.3","36.7","70.0","0.00","S","5.3","17.5","44.9","0.00"," 72",
"January 30, 2016","16:00","44.9","45.3","45.8","45.7","36.4","70.9","0.00","S","5.7","12.1","44.9","0.00"," 28",
"January 30, 2016","17:00","43.7","44.4","44.9","44.8","36.5","73.4","0.00","S","5.6","11.4","44.9","0.00","  1",
"January 30, 2016","18:00","43.2","43.3","43.4","43.7","36.9","77.7","0.00","S","4.0","9.6","44.9","0.00","  0",
"January 30, 2016","19:00","42.7","42.9","43.3","43.3","37.1","79.6","0.00","S","4.5","10.7","44.9","0.00","  0",
"January 30, 2016","20:00","41.7","42.1","42.5","42.5","37.0","81.9","0.00","S","5.1","13.2","44.9","0.00","  0",
"January 30, 2016","21:00","40.8","41.0","41.5","41.4","36.4","83.5","0.00","S","4.1","10.7","44.9","0.00","  0",
"January 30, 2016","22:00","39.8","40.2","40.6","40.6","35.9","84.6","0.00","S","3.5","8.9","44.8","0.00","  0",
"January 30, 2016","23:00","38.5","39.2","39.6","39.6","35.4","86.2","0.00","S","2.5","4.9","44.8","0.00","  0",
"January 30, 2016","24:00","38.4","38.6","38.9","39.0","35.1","86.9","0.00","S","2.1","3.9","44.8","0.00","  0",
"January 31, 2016","01:00","38.0","38.4","38.7","38.8","34.8","86.9","0.01","S","2.8","5.3","44.7","0.00","  0",
"January 31, 2016","02:00","37.8","38.0","38.2","38.4","34.5","86.8","0.00","S","3.3","7.1","44.7","0.00","  0",
"January 31, 2016","03:00","38.6","38.8","39.1","39.2","34.9","85.5","0.00","S","3.1","7.1","44.7","0.00","  0",
"January 31, 2016","04:00","39.0","39.1","39.3","39.5","34.7","83.9","0.00","S","3.3","7.4","44.6","0.00","  0",
"January 31, 2016","05:00","38.6","38.7","38.8","39.1","34.5","84.6","0.00","SE","1.9","4.9","44.6","0.00","  0",
"January 31, 2016","06:00","38.0","38.3","38.5","38.7","34.2","85.1","0.00","S","2.4","4.9","44.5","0.00","  0",
"January 31, 2016","07:00","38.5","38.9","39.0","39.2","34.5","84.2","0.00","S","2.6","5.7","44.4","0.00","  7",
"January 31, 2016","08:00","39.5","40.4","41.1","40.7","35.0","81.0","0.00","S","3.8","9.9","44.4","0.00"," 52",
"January 31, 2016","09:00","41.0","41.3","42.0","41.7","35.3","78.8","0.00","S","3.8","6.4","44.3","0.00"," 58",
"January 31, 2016","10:00","42.7","42.9","43.2","43.3","36.3","77.1","0.00","S","4.5","9.6","44.3","0.00","118",
"January 31, 2016","11:00","43.3","43.4","43.5","43.8","36.1","75.2","0.00","S","4.3","8.5","44.2","0.00"," 79",
"January 31, 2016","12:00","43.7","43.9","44.1","44.3","36.2","74.0","0.00","S","4.7","10.3","44.2","0.00"," 97",
"January 31, 2016","13:00","44.7","44.9","45.1","45.2","36.8","73.2","0.00","S","4.8","9.9","44.1","0.00","121",
"January 31, 2016","14:00","44.7","44.7","44.8","45.1","37.0","74.2","0.00","S","4.4","10.3","44.1","0.00"," 63",
"January 31, 2016","15:00","44.6","44.7","44.8","45.1","37.3","75.1","0.00","S","4.7","9.9","44.1","0.00"," 53",
"January 31, 2016","16:00","44.2","44.5","44.7","44.9","37.5","76.1","0.00","S","2.6","8.2","44.1","0.00"," 25",
"January 31, 2016","17:00","42.8","43.3","43.9","43.6","37.8","80.8","0.00","S","0.6","4.2","44.1","0.00","  1",
"January 31, 2016","18:00","40.8","41.6","42.2","41.9","38.1","87.2","0.05","SE","0.4","3.1","44.1","0.00","  0",
"January 31, 2016","19:00","40.0","40.2","40.2","40.5","38.1","92.3","0.05","N","0.0","0.0","44.2","0.00","  0",
"January 31, 2016","20:00","38.3","38.8","39.8","39.1","37.5","94.9","0.11","NE","0.1","2.4","44.2","0.00","  0",
"January 31, 2016","21:00","37.9","38.8","39.7","39.2","37.8","96.1","0.18","SE","1.1","3.9","44.2","0.00","  0",
"January 31, 2016","22:00","39.8","40.2","40.6","40.6","38.4","93.0","0.24","SE","0.8","4.2","44.1","0.00","  0",
"January 31, 2016","23:00","40.2","40.3","40.4","40.7","39.5","96.6","0.76","NE","2.2","6.4","44.1","0.03","  0"